titles,category
"조갑제 ""한동훈 살아 돌아와…국힘 양아치 시대 청산해야""",Politics
“여론조사 무덤으로 기록될 선거”…출구·여론조사 또 틀렸다,Politics
"‘졌잘싸’ 김부겸…예상 밖 격전지된 대구, 보수의 심장에 균열을 내다",Politics
[뉴스워치] 대역전 드라마 쓴 오세훈…투표지 사태 후폭풍 확산,Politics
완벽한 승리 없었다… 與 '서울 탈환' 실패,Politics
[2026 지선] 4석 그친 국힘…'사퇴론 재 점화' 장동혁 미래는?,Politics
결국 속내는 선거불복·윤 어게인…‘3위’ 김현태의 변,Politics
[6·3 지선] '샤이 보수' 벽에 막힌 여론조사…격전지 예측 빗나가,Politics
한동훈·유의동 격전지 당선...합리적 보수 목소리 커질까,Politics
"""호떡집서도 일어날 수 없는 후진국 참사...선관위원장 즉각 물러나야""[박영환의 시사1번지]",Politics
오세훈·한동훈 '반등'..김부겸·조국 '숨고르기',Politics
"""여기가 메인 전쟁터""…부정선거 시위대에 갇힌 잠실7동 투표소",Politics
'돌아온' 송영길·이광재...민주당 대표 두고 정청래·김민석과 경쟁 예고,Politics
12대 4 압승인데…정원오·김경수·김부겸 왜 졌나,Politics
이기지 못한 선거...지방권력 교체에도 여야에 '찜찜한 숙제' 안겼다,Politics
지역주의·양당 구도 흔든 한동훈...보수 진영 대권주자 ‘급부상’,Politics
박지현 “압승할 수 있었는데 놓쳐…정청래 책임 지고 사퇴해야”,Politics
초유의 투표 중단 사태에 항의 지속...밤샘 시위,Politics
靑출신 7명 출마해 5명 생환…하정우·김병욱은 낙선,Politics
"""극우 난리로 치부할까 우려""…투표용지 부족 사태 논란 확산, ""잠실 와달라"" 호소도",Politics
"""2018 악몽 재현 막았다"" 장동혁, 사퇴 압박에도 '정면 돌파'",Politics
춘천 연고 한동훈 '역대급 0.5선' 등장에 강원 현역 의원 '역할론' 급부상,Politics
"경기 기초 19곳 차지하고도 못 웃는 민주당... ""패배 안 믿겨""",Politics
"“윤어게인” “독재타도” 등장한 잠실7동제2투표소···주민들 “너무 시끄러워, 그냥 갔으면”",Politics
"SNS 샤라웃부터 악수털기, 선거의 여왕까지…판세 흔든 결정적 순간 넷",Politics
"張 사퇴요구 거세지나…""당권파 언행, 품격이나 실력에 맞지 않아…지도부는 거취 정해야""",Politics
살아 돌아온 한동훈·주저앉은 조국…잠룡의 희비,Politics
"차기 총리 '정성호·한성숙·강훈식' 압축…靑 ""정해진 바 없어""(종합)",Politics
"[자막뉴스]""장동혁 사퇴하라"" 친한계 넘어 중진까지…""새 길 찾겠다"" 보수 재편 신호탄?",Politics
"민주, 지방권력 교체…오세훈, 서울 대역전극",Politics
"'5선 서울시장' 오세훈, '강한 0.5선' 한동훈…보수 차기 대권구도 요동",Politics
“장동혁 나가라” “한동훈 복당 불가능”…두쪽 난 국민의힘,Politics
"6.3지선, 민주 광역 12곳 '승리'...오세훈 대역전승·한동훈 원내로",Politics
'벼랑끝' 보수 위기에 응답한 MB·박근혜… 구원투수로 역투,Politics
‘16곳 중 4곳 승리’ 선방이라 본 장동혁호 “일단 계속 간다”···의총서 지도부 거취 거론 안 해,Politics
"與, '절반의 승리'에 내전 기류…비당권파 '책임' 거론에 당권파 반박",Politics
최다선 송영길· 수도권 4선 유의동 귀환…이진숙 김태규 김의겸 등 강경파도 입성,Politics
이겼지만 흔들린 국힘 심장부… 더 이상 ‘텃밭’은 없다,Politics
"""김어준 방송 전락""…오세훈 'TBS 어쩔건가' 질문에 한 말",Politics
"민주당 바람도 꺾지 못한 반도체·부동산 역풍, 생환한 野 시장들",Politics
뒤집어진 서울·경남 당선자…민심 못 맞히는 출구조사,Politics
"‘李의 정치고향’에 빨간 깃발…신상진, 역전 릴레이 끝에 성남 수성 [6·3의 선택]",Politics
"조갑제 ""국힘, 양아치 시대 끝내야… 오세훈·한동훈·유의동 극우와 싸워 당선""",Politics
지방권력은 밀어주고 국회는 견제… 민주당 ‘반쪽 승리’,Politics
오세훈·한동훈 부활하자…김어준 “어쩌면 좋아” 탄식,Politics
친한계는 '장동혁 흔들기'…한동훈도 '복당 시도' 예고,Politics
국힘서 張 사퇴요구 공개 분출…정작 의총에선 언급 없어(종합),Politics
"국힘 ""최소한의 견제하게 해준 국민께 감사""…장동혁은 의총 불참(종합)",Politics
조국·김용남 ‘동귀어진’에 유의동 ‘어부지리’… 조국 정치생명 위기,Politics
"[단독] ""교육감 아무나 찍었다""…무효표 100만개 '대혼란'",Politics
"절묘한 민심, 與엔 ""오만 금지"" 野엔 '보수 재건' 씨앗 남겼다 [선택 6·3]",Politics
"[여의도1번지] 오세훈, 막판 역전승…투표지 부족 사태 파장",Politics
개인기로 역전홈런 친 한동훈…보수 진영 구도 대격변 맞을까,Politics
지옥서 살아돌아온 오세훈·한동훈… ‘보수 재건’ 신호탄,Politics
"'尹 방통위' 이진숙·김태규, 나란히 국회 입성..野에 미칠 영향은",Politics
‘방통위 듀오 파이터’ 이진숙·김태규 국회 입성…과방위 격돌 예고,Politics
'12대4' 성적표에도..정청래 연임 '빨간불'·장동혁 당권 유지 전망,Politics
"투표용지 덜 찍으라고 한 중앙선관위, 배분에 실패한 송파구선관위",Politics
단일화 이룬 진보당이 울산 동구청장 선거에 패한 이유,Politics
“투표용지 사태 터져도 선관위 직원 한 명도 안 나와”,Politics
"'반쪽 승리' 민주, '불씨 지킨' 국힘...양당 모두 거센 후폭풍",Politics
장동혁 ‘사퇴 거부’ VS 한동훈 ‘복당 요구’... 당권 투쟁 본격화,Politics
돌아온 '개혁보수' 오세훈·한동훈·유의동의 반격…국민의힘 흔들까,Politics
"장성민 “‘대통령 픽’ 정원오·하정우 패배, 레임덕 시작…청명전쟁 전당대회 온다”",Politics
선거 끝나자마자 '장동혁 책임론' 분출…당권파는 보호막,Politics
"서울 내준 鄭, 부산·울산 뺏긴 張…'책임론'에 리더십 흔들",Politics
"서울·평택을·부산북갑 놓친 정청래, 연임 가도 '빨간불'",Politics
"화려한 재기 한동훈, 보수 재편 중심에 서나",Politics
'12대 4' 성적표에 여야 쓴웃음...오세훈·한동훈만 활짝,Politics
“결코 일어나선 안 되는 선거 부실 관리”… 초유의 서울 투표용지 부족 사태,Politics
"‘평택 토박이’ 유의동, 김용남·조국에 일격 가하고 4선 성공",Politics
"與, 중원·영남 공략 성과 속 서울선 '뼈아픈 역전패'…野는 마지노선 수성",Politics
“모자란 집단과 일 못해” 선관위 맹비판한 송파구 공무원,Politics
李정부 2기 이끌 차기 총리는 누구?,Politics
“거취 속히 결정해야”…국힘서 ‘장동혁 사퇴론’ 분출,Politics
"오세훈·한동훈·유의동 중도 보수 3인 깜짝 선전, 장동혁은 흔들",Politics
'접전·경합'이라던 평택·부산 등 재보선 5곳 모두 내줬다,Politics
한동훈 복당 원하나…“천년만년 무소속이면 이리 모이셨겠나”,Politics
"조국·진보·개혁신당, 아쉬운 지선 성적표…거대양당 벽에 막혀",Politics
"국힘 내부서 장동혁 사퇴요구…""거취 결정해야""",Politics
"버티는 장동혁, 복당하겠다는 한동훈... 국힘 내전, 이제 시작?",Politics
"조갑제 “국힘, 극우컬트와 결별해야…한동훈·유의동 극우와 싸워 당선”",Politics
지방선거 패배에 ‘제명’ 한동훈 복귀까지…국힘 지도부 책임론 분출,Politics
'李정부 안정론' 택한 민심…吳·韓 생환에 보수재편 기대감도(종합),Politics
"국민의힘에서 쫓겨났던 한동훈, 2개의 전선에서 싸워 이겼다",Politics
"""총알받이로 쓰지 마라""…송파구 공무원, '투표용지 부족' 선관위 저격",Politics
"서울도 틀리고, 평택도 빗나가…출구조사, 핵심 승부처서 예측 실패",Politics
극적 생환 한동훈에 복잡해진 국민의힘…당권파 vs 친한계 내전 '2막',Politics
"막판 '초접전' 끝 '역전승'…吳 캠프 ""이겼다""",Politics
“李 정부 지지율 활용 못 해” 與 내부서 책임론 분출 [이런정치],Politics
"10곳 이긴 김태흠, 5곳 이긴 박수현에게 왜 졌나? [6·3의 선택]",Politics
김상욱 “싹쓸이 험지서 생환…‘샤이 보수’ 벽 높지만 우직하게 가겠다” [세상의 모든 정보 윤인구입니다],Politics
경남서 국힘 탈당 무소속 후보들 '돌풍'…4명 시장·군수 당선,Politics
"박수현 “민주당, 승리 담대하게 선언하고, 아픈 곳은 솔직하게 고백해야” [세상의 모든 정보 윤인구입니다]",Politics
이진숙 “영혼과 뼈까지 갈았다···李정권 폭압을 고발 할 것” [세상의 모든 정보 윤인구입니다],Politics
김정은 '핵물질 생산력' 과시…핵잠 견제·美비핵화 의지 '모르쇠',Politics
"""충격, 혼란"" 당혹감 짙은 정원오 측, 내부에서 본 패인",Politics
"희비 엇갈린 靑참모들…李대통령 복심 '압승', '당 차출' 하정우 고배",Politics
'당선 유력' 이라더니…빗나간 방송사 출구조사 왜?,Politics
[뉴스특보] 사상 첫 '5선 서울시장'…'대역전극' 오세훈 승리,Politics
"한강벨트 변심이 오세훈 살렸다…“정원오, 부자 몸조심이 패착”",Politics
"당선 후 첫 기자회견 연 한동훈…""보수 재건·이재명 폭주 저지가 민심""",Politics
방통위 '투톱' 이진숙·김태규 국회 입성…후반기 과방위 맡나,Politics
"[뉴스+] 김부겸 ""저의 패배이지 여러분의 패배가 아닙니다···좌절하지 마십시오. 절망하지 마십시오""",Politics
"국힘서 장동혁 사퇴요구 공개 분출…""염치있으면 거취 결정해야""",Politics
"한미 핵잠 추진에…北 ""핵 생산력 2배"" 폭주로 대응 [김다빈의 외교 빈틈읽기]",Politics
후보 단일화가 승패 가른 울산시장 선거.. 반목만 남긴 보수 진영,Politics
부산 북갑 격전서 무소속으로 여당 꺾은 한동훈···보수 재편 핵심축으로 부상,Politics
"與, '미완의 승리'에 내부 파열음…""대표가 책임져야"" ""아쉽다고 승리 아닌가""",Politics
北억류 함진우씨 가족에 납북피해 인정…위로금 지급결정,Politics
"""대기표 없으면 무효표""...'투표지 부족' 초유 사태, 손해배상은? [이슈톺]",Politics
'12대 4' 여야 쓴웃음 속 오세훈만 '활짝'...권력지형 요동 예고?,Politics
"[6·3 지선] 높은 서울 진입의 벽…與, '자체 후보 승부수' 또 불발",Politics
"뼈아픈 서울 역전패…송영길, '정청래 책임론' 제기",Politics
"단 13표가 가른 시의원 당선... ""마지막까지 심장 터지는 줄""",Politics
"“일방적 권력 행사 모습에 정권 견제 심리 발동”… 줄곧 뒤지던 오세훈, 정원오에 ‘막판 대역전’",Politics
"김어준 ""어쩌면 좋아""…오세훈·한동훈 살아 돌아오자 탄식",Politics
"조국 ‘평택을 낙선’, 민주 진영 통합도 ‘흔들’",Politics
"국힘, 지방선거 후폭풍…친한계 ""장동혁 거취 정하라"" 張 ""당원들과 새길 찾겠다""",Politics
국힘 텃밭 경북서 무소속 군수 4명 탄생...안동·포항도 '고전',Politics
"'서울 패배' 내상 입은 민주당 ""아쉬워도 승리는 승리""",Politics
"북한, 새로운 우라늄 농축시설 공개…김정은 “무기급 핵물질 생산능력 2배 능가”",Politics
"차기 국무총리, 강훈식·정성호·한성숙 3인 압축",Politics
"민주 4곳 이길 때, 국힘 10곳에 도지사까지... '보수우세' 지킨 경남",Politics
"[6·3 지선] 이겨도 못 웃는 정청래…민주, 곧바로 당권경쟁 국면으로",Politics
"김민석, 총리 사퇴 후 與 당권 도전…사의 시점만 남았다",Politics
"국힘 참패 속 오세훈·한동훈 역전승…""보수 재건 기회준 것""",Politics
조국 낙선에 혁신당도 '흔들'...합당론도 동력 상실,Politics
"교육계 무게추 다시 ‘진보’로… 보수, 막판 스퍼트로 ‘싹쓸이 모면’",Politics
"사전투표는 '김철수' 본투표는 '이병선'…속초시장 승부, 여기서 갈렸다",Politics
"이재명의 사람, 장동혁의 사람 동시에 꺾었다",Politics
강릉시장 승부 어디서 갈렸나…김중남 승리 이끈 '가뭄 민심·사전투표',Politics
"[6·3 지선] 친한계 책임론에 張 ""희망 지켜냈다""…국힘, 내홍 수렁으로",Politics
민주당 12곳 가져갔지만…서울 패배에 웃지 못했다,Politics
‘투표용지 부족 사태’ 미스터리…입 다문 선관위,Politics
"[6·3 지선] 국힘 참패속 오세훈·한동훈 역전승…""보수재건 기회준것""",Politics
민주당 광역 12곳 휩쓸어 지방권력까지 장악…서울 내준 '찜찜한 대승',Politics
초유의 투표용지 ‘품절’…“오세훈 당선 확정 못해”,Politics
'핵 자신감' 치솟은 김정은…시진핑 방북설 속 이례적 '새 핵시설' 공개,Politics
우상호·김남준·김남국 등 청와대 참모 5명 당선…하정우·김병욱 고배,Politics
"한동훈 웃고, 조국 울고...민주, 재보선은 판정패",Politics
"""오세훈 당선에도 재투표 주장하나?""...서울선관위 멱살 잡히기도",Politics
"[당선인 프로필] 문학소년 꿈꾸던 4선 의원…우상호, 고향 강원에 금의환향",Politics
12곳 이겼는데 기쁘지 않다?…기대 못 미친 정청래 성적표,Politics
"""투표용지 대란, 선관위 안이함이 부른 참사... 부정선거 의혹은 무리""",Politics
삭발 정치의 몰락···선거는 패하고 휑한 머리만 남았다,Politics
"잠실7동 투표함 이송 저지 '대치' 중...선관위 ""오세훈 당선 확정 못해""",Politics
"북, 새 핵시설 공개하며 핵보유국 지위 재차 강조…""핵 능력 증가 선전 메시지""",Politics
"1표 차로 갈리고, ‘당선 유력’도 뒤집혔다… 화제의 선거구",Politics
[생생뉴스] 지방선거·보궐선거 결과의 의미와 향후 정국에 미칠 영향은?,Politics
"[뉴스센터] 오세훈, 정원오에 역전극…투표용지 부족 사태 파장",Politics
"북갑 승리 거머쥔 한동훈, 국민의힘으로 복당할까",Politics
"민심 회초리에 고개숙인 여야…민주당 ""아프다"", 국힘 ""경고 겸허히 수용""",Politics
[2026 지선] 野 오세훈·한동훈 생환…與 '정권안정론' 우세 속 독주 제동,Politics
12곳 이겼지만 서울 내줘…민주당 “승리 맞지만 아프다”,Politics
서울시장 오세훈 역전 드라마...민주·국힘 모두 책임론?,Politics
'전재수 시장-한동훈 의원'... 부산 민심 교차투표의 교훈,Politics
"민주당, 서울에서 충격 역전패…12곳 이기고 '화룡점정' 못했다",Politics
‘엎치락뒤치락’ 피말리는 접전…1%p 미만 당락 교차,Politics
잠실 '투표함 대치' 14시간째…시위대 포위에 선관위 관계자 고립도,Politics
경기 기초단체장 ‘민주 19 vs 국힘 12’…요동친 심판론 속 ‘압승·붕괴 없었다’ [오상도의 경기유랑],Politics
"'5선' 오세훈 당선됐지만 민주당, 서울 구청장 17곳 휩쓸었다",Politics
"李, 차기 총리 ‘정성호·강훈식·한성숙’ 고심",Politics
"한동훈, 하정우·박민식 꺾었다…유의동, ‘5파전’서 승리",Politics
"김정은, 새 우라늄 농축시설 시찰…""영변 내 신축공장 추정""(종합2보)",Politics
“재선거” 하자더니 오세훈 이기자 조용…결과 따라 나부끼는 국힘,Politics
송영길 “李정부 지지율 활용 못한 지도부 책임”…조승래 “자숙하길”,Politics
울고 싶은 민주당…12곳 이기고도 서울 탈환 실패,Politics
[6·3 지선] 금배지보다 단체장…체급 낮춘 전직 의원들 성패는,Politics
"정청래 ""전국적 큰 승리 안겨준 국민께 감사…다만 서울 탈환 못해 아파""(종합)",Politics
피 말렸던 초접전 드라마…서울시장 16시간의 반전 레이스,Politics
"한동훈 날고, 조국 멈췄다…‘무소속’ 몸값 키운 韓, ‘단일화’ 실패 曺",Politics
"대역전극 펼친 오세훈, 곧바로 시청 복귀…""삼성역 최우선 처리""",Politics
"국힘 ""오세훈 승리는 李정권 심판…집권 1년만에 레임덕 시작""",Politics
유리천장 깬 추미애… 부산 점령한 전재수,Politics
"‘미니총선’ 재보궐 14곳…與 9곳 지켰고, 野 5곳 가졌다",Politics
靑 출신 ‘명픽’ 절반의 성공,Politics
"與 선거결과 두고 '동상이몽'...지도부 ""승리"" 당 안팎 ""아쉬워""",Politics
"김어준, 오세훈 역전 순간 “어쩌면 좋아, 대선후보 둘 살아 돌아왔다”",Politics
민주 ‘빛바랜’ 지방권력 교체…국민의힘 서울시장 승리[6·3 지방선거],Politics
[뉴스특보] 오세훈 개표 13시간만에 역전…막판 골든크로스?,Politics
"吳, 출구조사·개표내내 뒤처지다 ‘오전7시 뒤집기’… “와~이겼다” 환호",Politics
빗나간 출구조사…서울·경남 등 주요 격전지서 역전극,Politics
이대女·4050 ‘진보’ 이대男·6070 ‘보수’…세대·성별 엇갈린 票心,Politics
"오세훈, 대역전 끝에 서울 수성…민주당 12곳·국민의힘 4곳 광역 승리",Politics
"4년전 한곳 빼고 적중했는데…출구조사, 이번엔 초박빙 지역 놓쳤다",Politics
"조갑제 “한동훈 살아돌아와, 장동혁 죽어줘야 할 때”",Politics
"송영길 “질 수 없는 평택서 패배, 당 지도부 중요성 느껴” [6·3의 선택]",Politics
"""타워팰리스 살던 한동훈은 부산 맹주 못 돼""… 민주 김영진, 벌써 견제구?",Politics
"정청래 ""전국적 큰 승리…서울 탈환 못해 아프다""",Politics
“오세훈 당선에 걸어 2.4억 벌었다”…해외서 터진 ‘역대급 베팅’,Politics
서울시장 오세훈 대역전극...'투표지 부족' 후폭풍 확산,Politics
“투표지가 동나?” 분노한 시민 밤샘시위… 신뢰추락 ‘무능 선관위’,Politics
한동훈 ‘미래 보수 핵’으로 귀환… 친한계-당권파 대충돌 시작,Politics
"민주 12 국힘 4…‘독주 막고, 퇴행 경고’ 준엄한 민심",Politics
"고개 숙인 '명픽' 주자들…정원오·하정우, 격전지 초접전 끝에 '고배' [선택 6·3]",Politics
"전남 기초단체장 22명 가운데 더불어민주당 17명, 조국혁신당 2명, 무소속 3명 당선",Politics
시도교육감 선거 진보·보수 재편...진보 11곳·보수 5곳 당선,Politics
"[티조챗] ""투표용지가 없다고?"" '잠실 대치' 거쳐 '오세훈 역전극'…이런 27시간은 없었다",Politics
"출구조사 뒤집은 15시간의 드라마…박완수, 김경수 꺾고 경남지사 '재선' [6·3의 선택]",Politics
"빽빽한 원심분리기 속 김정은 “새 핵시설 공개""...모자이크된 자료 정체는?",Politics
2010년과 2026년... 지방선거는 왜 '설렘'을 잃었을까,Politics
한동훈 국회 입성 성공…‘보수 재편’ 태풍의 눈,Politics
‘전북 얻고 서울 패배’ 정청래…당 대표 연임 ‘험로’,Politics
민주당 19곳 석권했지만… 경기북부는 여전히 ‘보수 강세’ [6·3의 선택],Politics
"선관위 실수가 남긴 후폭풍...""해결 못하면 국민 분열"" [Y녹취록]",Politics
'범여권 잠룡' 김경수·김부겸·조국 낙마…강훈식·김민석·송영길·정청래 압축,Politics
'절윤' 외친 한동훈 통했다…부산 북갑 흔든 '동남풍',Politics
[6·3 지선] 4년전 한곳 빼고 적중했던 출구조사…이번엔 초박빙 지역 놓쳐,Politics
"민주당, 광역단체장 12곳 승리…국힘, 서울 등 4곳 수성",Politics
‘동수’에서 ‘파란 물결’로 기울어진 경기도의회…대격변 예고,Politics
"30년만에 첫 여성 광역단체장…추미애, 유리천장 깨고 ‘새역사’",Politics
"“짝사랑 넘은 맹종에 허탈” “대구 아니면 누가 찍어주나”···‘보수 철옹성’ 재확인 한 대구, 엇갈리는 민심[6·3 지방선거]",Politics
[6·3 지선] 피 말렸던 초접전 드라마…서울시장 16시간의 반전 레이스(종합),Politics
2년 전 돌풍 때와 달랐다…조국혁신당·개혁신당 ‘참혹 성적표’,Politics
투표용지를 지퍼백에 담더니...황당한 투표소 상황 [Y녹취록],Politics
"尹때 '언론장악' 논란 이진숙·김태규 국힘 국회의원으로 부활… ""참으로 통탄할 일""",Politics
"'대통령의 픽' 정원오, 패배한 이유 [Y녹취록]",Politics
"[6·3 지선] '행정의 달인' 정원오, 서울시장 문턱서 멈췄다",Politics
6·3 지선 광역단체장 민주 12곳·국힘 4곳…與 승리로 지방권력도 장악(종합),Politics
"최초 5선 서울시장 된 오세훈 ""서울이 민주주의 안전판 됐다""",Politics
"완승도 참패도 없었다… 지방권력 되찾은 민주당, 서울 지킨 국힘",Politics
개각 준비중 李정부…차기 총리 후보에 강훈식·정성호·한성숙,Politics
"6·3 지선, 여 지방권력 교체로 마무리…국힘 서울·민주 부산 승리",Politics
지방권력 교체에도 웃지 못하는 李정부…'독주냐 절제냐' 시험대,Politics
"리버스 2022…3연승 속 아쉬운 與, 중원 잃은 野",Politics
부활한 한동훈…체면 구긴 조국,Politics
엇갈린 성적표 받은 靑 참모들,Politics
재보선 與 9·野 5…민주당 우세 속 국민의힘 선전,Politics
사퇴에서 5선 신화까지…서울이 다시 선택한 '오세훈',Politics
결국 서울 표심 가른 건 '부동산'이었다…충청·강원은 이재명 효과·영남은 변화,Politics
"""서울 선거 무효"" 주장한 국민의힘, 다음 수순은? [Y녹취록]",Politics
"""민주당 불편한 승리""…막판 샤이보수 결집, 오세훈·한동훈 대역전극",Politics
"민주당 ""서울 패배 아쉽지만 승복""…""선거 무효"" 장동혁은 묵묵부답",Politics
오세훈캠프 김근식 “한동훈 승리로 윤어게인 장동혁 ‘파산’…선관위 빌미 연명 말라”,Politics
오세훈 5선·한동훈 부활·‘명픽’ 참패…6·3이 바꾼 정치 지형,Politics
"오세훈, 승리 선언…피말렸던 역전 드라마",Politics
오세훈 막판 대역전 드라마 썼다… 사상 첫 5선 서울시장,Politics
"박수현 충남지사 당선인 ""민심은 거스를 수 없단 것 느껴""",Politics
[6·3 지선] 체급 올리고 입지 다진 승리자들…낙선자 행보도 주목,Politics
"유의동 ""평택을 여조, 민심 제대로 반영 못했다…극복 고민 많았지만 승리""",Politics
"이진숙 ""공천 과정 우여곡절…어떤 상임위 가든 독주하는 권력 막겠다""",Politics
"이원택 ""마지막 여론조사 기획된 듯…김관영과도 인간적 관계 풀어갈 것""",Politics
"장동혁 책임론→ 이진숙 ""반성은 몰라도 교체는 안 돼"" vs 유의동 ""거취 고민해야""",Politics
"막판 '역전승'으로 5선 달성…오세훈, '걸어서' 서울시청 이동",Politics
"‘첫 5선 서울시장’ 오세훈, 초접전 끝 역전승…“상식의 승리” [6·3의 선택]",Politics
"민주당 '압승', 국민의힘 '서울 사수'...그런데 둘 다 웃지 못했다 [Y녹취록]",Politics
"벼랑끝 장동혁, 서울 승리로 기사회생?…""張 아닌 오세훈 개인기""",Politics
오세훈 밤샘 추격 끝 역전극…이번에도 '강남 3구'가 변수,Politics
한동훈은 돌아왔다… 이제 국민의힘이 답할 차례다,Politics
"정청래, 전북 이기고 한숨 돌렸지만…서울 패배로 연임 경고등? [이런정치]",Politics
"오세훈, 악재 뚫고 ‘사상 첫 5선’ 대역전극",Politics
"대역전극 오세훈 “투표용지 부족, 대통령 책임 면할수 없다”",Politics
"오세훈, 꼭두새벽 대역전 드라마…천당서 지옥 떨어진 정원오",Politics
'5선 성공' 오세훈 李 견제 선봉에…야권내 유력 대권 주자로 자리 매김,Politics
"첫 서울시장 ‘5선’ 오세훈, 대역전승…신통기획·강북개발 등 정책 탄력",Politics
"또 강남 '오세훈 몰표'로 뒤집혔다... 역전패 정원오 ""제가 부족했다""",Politics
지상파 출구조사 시대 끝났나…‘샤이 보수’ 못잡았다,Politics
"李대통령, 취임 1년 중간평가 ‘경고 섞인 합격점’",Politics
"오세훈 서울 대역전극…與 뼈아픈 패배, 野엔 李대통령 독주 견제 발판",Politics
"""주식으로 번 돈, 월세로 다 나간다?"" 표심 흔든 부동산 [Y녹취록]",Politics
"與 지방권력 교체, 미완의 승리…국힘, 승부처 서울 수성(종합3보)",Politics
"'장동혁 패싱' 오세훈, 대역전극 성공…사상 첫 5선 서울시장 [선택 6·3]",Politics
[르포] 오세훈 이겼는데 '부정선거론' 불붙었다…선관위 에워싼 시위대,Politics
한동훈 국회 입성 성공…‘보수 재편’ 태풍의 눈 [이런정치],Politics
전북 불 끄다가 서울 내준 민주당... 웃을 수 없는 승리,Politics
"인터뷰 전문 : 유의동 “조국·김용남 두 분 갈등, 시민들 입장에선 별 관심 없었다” [정치시그널]",Politics
웃을 수 없는 민주당…서울 등 격전지서 '고배',Politics
"정청래, 우려했던 전북 사수했지만 서울 뺏겨…당권가도 흔들",Politics
"우상호, 강원 탈환 성공…충청도 與 손들었다",Politics
‘명픽’ 절반의 성공…김남준·전은수 여의도行 하정우·김병욱 뼈아픈 낙마,Politics
‘투표용지 부족’에 장동혁 “재선거” 주장했는데…정원오 ‘패배 인정’,Politics
경북 기초단체장 22곳 중 18곳 국민의힘 석권 [6·3의 선택],Politics
"역전에 역전, 잠 못 이뤘던 밤…추경호·한동훈·유의동 잇따라 반전 승리 [이런정치]",Politics
"'승리자 없는 선거'…서울 놓친 민주당, 4곳만 지킨 국민의힘",Politics
2030 男 ‘국힘’ 女 ‘민주’·4050 진보·6070 보수…세대·성별 엇갈린 표심,Politics
"오세훈, 막판 대역전승…'기울어진 운동장' 넘어선 '후보 브랜드'",Politics
'서울 탈환' 꿈 접은 정원오…논란·의혹의 벽 결국 못 넘어,Politics
"6·3 지방선거 시도지사, 민주 12곳·국힘 4곳 승리",Politics
‘PK 전멸’ 위기서 보수 구한 경남 박완수…김경수 꺾고 재선 성공,Politics
"6·3 지선 시도지사, 민주 12곳·국힘 4곳 승리…재보선, 민주 9곳·국힘 4곳·무소속 1곳 승리",Politics
"6·3 지선서 與 지방권력 교체 성공…국힘, 승부처 서울 수성",Politics
시인을 꿈꾸던 청년→광장의 혁신가→조정의 달인,Politics
"오세훈, 피말린 격전 끝에 대역전…6·3 지방선거, 민주당 12대 4로 승리했지만",Politics
"[속보] 국회의원 재보궐선거, 민주 9곳·국힘 4곳·무소속 1곳 승리",Politics
6.3 지선서 민주 지방 권력 교체 성공…국힘 서울·민주 부산 승리,Politics
"평택을 3위 조국, 정치적 미래도 혁신당 앞날도 '빨간불'",Politics
"‘막판 대역전’ 5선 일궈낸 오세훈, 대선가도 주목",Politics
서울 '투표용지 부족'에 '재선거' 주장까지… 공직선거법 살펴보니,Politics
"대역전극으로 5선 '금자탑'…오세훈, 대선가도 달릴까",Politics
'재보궐선거' 60%대 압도적 지지는 단 3곳…모두 이재명 정부 출신들,Politics
3위로 낙선한 조국…‘국힘 제로’ 실패 책임론 [이런정치],Politics
"송영길 ""당은 김용남 의붓자식 취급, 曺는 왜 평택에…그 결과 金 낙선, 韓 당선""",Politics
"""어쩌면 좋아""...김어준, 오세훈 막판 정원오 역전하자 [6월 선거]",Politics
민주당 12곳에서 승리…서울 패배로 절반의 성공,Politics
[뉴스특보] 與 지방권력 교체 성공…투표지 부족 사태 후폭풍,Politics
"與 12곳 vs 野 4곳, 서울 내줘 절반의 승리…재보선은 9 대 4",Politics
"부산 북갑 보선 하정우 석패…""노력·준비 부족""",Politics
"정원오, 승복선언 “서울시민 선택 겸허히 받아들여…제가 부족”",Politics
‘미니 총선’ 9:4:1…한동훈 당선·조국 낙마 [이런정치],Politics
"'역전승' 오세훈·한동훈, 대권 청신호…'낙선' 조국, 정치적 타격 불가피",Politics
"[바로이뉴스] 막판 초접전 중 패배 선언 나왔다…""모든 게 제 탓"" 목 메이며 '침통'",Politics
"장동혁, '최악 성적표' 면했지만…패배 책임론 불가피",Politics
민주당 ‘현역 프리미엄’ 뚫었다… 혁신당 김태성·사순문 ‘대역전 드라마’ [6·3의 선택],Politics
"오세훈, 막판에 뒤집었다... 정원오 “내가 부족” 승복 선언",Politics
"""오세훈·박형준 차이는 장동혁 손절 여부""…김근식 ""윤어게인 파산 선고""",Politics
단 46표가 갈랐다… 국힘 뚫고 당선증 쥔 경북 무소속 4인방 [6·3의 선택],Politics
"[속보]조갑제 “한동훈 돌아왔으니 장동혁, 정치적으로 죽어야 할 때”",Politics
김민석 떠나면 총리는 누구…강훈식·정성호·한성숙 거론,Politics
"보수의 심장에서 '눈물의 분투'...김부겸 ""절망 말라, 어깨 두드려주자""",Politics
"'야구팬' 젠슨 황, 두산전 시구 확정…방한 주요 일정은",Politics
10대 사천시의원 민주·국힘 6석 씩… 원 구성 줄다리기 예고,Politics
"[6·3 지선] 피 말렸던 초접전 드라마…서울시장 아침 대반전에 ""이긴다!""",Politics
김상욱 후보 울산시장 당선... 결국 ‘후보 단일화’가 승패 갈라,Politics
단일화 뿌린친 황교안 박맹우 선거비 보전 0%…박민식은 100% 돌려받아,Politics
"‘국힘 의석 3개 늘었다’…재보선 결과, 민주9·국힘4·무소속1 당선",Politics
잠실 '투표함 대치' 계속…2000여 명 투표분 미반출 상태(종합),Politics
"""실수맞나?"" 반복된 선관위 논란에 쏟아진 비판 [Y녹취록]",Politics
“오세훈이” 역전 순간 탄식… 분위기 싹 바뀐 정원오 캠프,Politics
"유의동, 김용남·조국 분열에 한밤 막판 승리 [이런정치]",Politics
"'국힘 참패'에 조선·동아 ""예견된 결과... 장동혁부터 물러나라""",Politics
‘미니 총선’ 야권 5곳 탈환 약진…수성 노렸던 민주는 4곳 잃었다,Politics
정원오 역전한 순간 일제히 '환호'…이 시각 오세훈 캠프,Politics
"[정치쇼] 유의동 ""선관위가 필요한가?…장동혁 거취 고민할 것, 민심과 얼마나 먼지 측정해야""",Politics
"[정치쇼] 송영길 ""평택을, 질 수 없는 선거를 졌다…지도부가 얼마나 중요한지 이번 선거로 느껴""",Politics
"선거 끝, 개각의 시간…차기 총리 정성호·한성숙·강훈식 3인 압축",Politics
역전에 환호성 터진 오세훈 캠프‥결과 예의주시,Politics
"김근식 “지방선거 결과, 장동혁의 정치적 파산 선고”",Politics
한동훈이 부산 북갑에서 당선된 결정적 이유 3가지,Politics
"광역단체장 민주 12곳·국힘 2곳 승리, 서울·경남 초접전…與 지방권력도 장악",Politics
재보궐 민주 9곳 승리…국힘 4·한동훈도 생존,Politics
보수 텃밭 부울경 성적표에 여야 희비 엇갈려,Politics
"靑 출신 7명 엇갈린 결과…우상호 강원 탈환, 김남준·전은수 국회 입성",Politics
아직도 투표함 못나갔다…“잠실7동 2000명 투표분 묶여”,Politics
‘한동훈 귀환’에 흔들리는 국힘 지도부…복당·전대 셈법 복잡 [이런정치],Politics
"희비 엇갈린 靑참모들…김남준·김남국 국회 입성 성공, 하정우·김병욱 낙선",Politics
서울시장 선거 예측 불가...'투표지 부족' 후폭풍 확산,Politics
2천명분 투표함 묶였다…밤 새우며 이틀째 대치,Politics
희비 엇갈린 청와대 참모출신…절반의 성공,Politics
황교안 현장 왔다…투표함 반출 못해 묶인 표 숫자 보니,Politics
민주 12곳 압승 확실…국힘 '참패' 속 서울 예측불허(종합),Politics
투표함 못 나갔다…잠실 투표소 앞 수백명 몰려 밤샘 봉쇄,Politics
"닮은꼴 이준석 한동훈…尹과 맞서다 팽, 민주·국힘 상대 3자 대결서 국회로",Politics
전북 군 지역 3선 3명·재선 4명…일당 독주 ‘심화’,Politics
"엎치락뒤치락 새벽의 역전극…정원오·오세훈, 서울시장 '초박빙' [선택 6·3]",Politics
"패배한 조국, 정치적 위상 하락…조국혁신당 독자생존 가능할까",Politics
"""당선 떴다!""...한동훈, 하정우·'북구곰' 아내에게 한 말 [6월 선거]",Politics
"유의동 ""어부지리 당선? 최악의 후보들로부터 평택 구한 것... 당 지도부 도전한다""",Politics
"송영길 ""국힘 '제로' 만들겠다더니... 조국당, 한동훈 당선시키고 공멸""",Politics
"민주당 전북 사수, 한숨 돌린 정청래…8월 전대 뇌관은 여전",Politics
"'부산 북구갑' 한동훈, 접전 끝에 하정우에 신승…""보수 재건의 길 열 것""",Politics
유리천장 깬 추미애…끝내 뒤집은 추경호,Politics
"한동훈, 국회로 기적의 귀환…국힘 복당 시도할듯",Politics
[연합뉴스 이 시각 헤드라인] - 07:30,Politics
"노무현이 바꾼 박찬대, 이재명과 손잡고 인천·국가 발전 주도[6월 선거]",Politics
서울시장 막판까지 초박빙…소수점 격차,Politics
정계 개편 움직임 본격화하나…한동훈·조국 엇갈린 운명도 변수,Politics
잠실 2투표소 ‘2천표’ 봉쇄 계속… 중앙선관위서도 밤샘 시위,Politics
"한동훈, 개표 88%서 역전…유의동 대역전 드라마 썼다",Politics
사상 초유 '투표용지 부족 사태'…민주당 압승 배경은,Politics
본투표함 열자 뒤집혔다…결국 웃은 추경호 두 손 '번쩍',Politics
"""투표용지 왜 없나"" 우르르…투표소 수백 명이 에워쌌다",Politics
"국회의원 재보선, 민주 9·국힘 4·무소속 1...민주 4석 줄어",Politics
‘李의 남자들’ 김남국·김남준 원내 입성…하정우는 패배,Politics
"‘대역전극’…출구조사 3위 뒤엎은 평택을 유의동, 조국 “저의 책임”",Politics
"靑참모들 희비교차…김남준·김남국 ‘맑음’, 하정우·김병욱 ‘흐림’",Politics
"투표 끝나자마자 폭발한 '젠틀맨' 김영록…""정청래 끌어내린다""",Politics
"한동훈, 99% 피 말린 '역전승'…조국 '낙선', 추경호·전재수 '승리'[영상]",Politics
"""차 못 빼 지각할 판""…밤새운 잠실 '투표함 대치' 장기화 조짐",Politics
"[6·3 지선] 민주진보 성사, 보수 결렬…울산시장 당락 가른 '후보 단일화'",Politics
부산·울산에서 민주당 웃었다… 경남에선 김경수 석패,Politics
국민의힘 후보는 3위였다…부산 북갑이 선택한 한동훈,Politics
"추미애, ‘첫 여성 광역단체장’ 새역사 썼다",Politics
"금배지 13개 내놓고 9개 찾아간 민주당, 국민의힘4·무소속1",Politics
[6·3 지선] '단일화 무산' 평택을·북갑 모두 野 승리,Politics
"경기 기초단체장, 민주당 19 vs 국민의힘 12곳 당선",Politics
청와대 출신 7명 중 5명 당선…하정우·김병욱은 고배,Politics
잠실7동 투표소에 밤새 300명 몰려…2개 투표함 반출 못 해,Politics
[6·3 지선] 靑참모들 엇갈린 성적표…김남준·김남국 국회 입성,Politics
"민주당 9곳, 국민의힘 4곳…한동훈 부산 북갑, 14개 '미니 총선' 결과",Politics
영남 3곳 외 민주당 13곳 우위…서울·경남 접전,Politics
"與 지선 12곳 승리, 李정부 지방권력도 장악…한동훈 당선, 조국 낙선",Politics
어처구니없는 투표용지 부족…선관위 고개 숙였지만 신뢰 곤두박질,Politics
"민주당, 4석 줄었으나 여전히 압도적 과반…국힘과 강대강 대치 전망",Politics
영남 3곳 제외 민주당 13곳 우위…서울·경남 접전,Politics
TK서 보수 역시 강했다…민주당 단체장 당선 ‘0’,Politics
1%p 내 초박빙...끝까지 알 수 없는 서울시장 당선자 [이슈톺],Politics
'이재명 정부 안정론' 택한 민심…'파란 물결' 대세 형성,Politics
6월의 호국 인물 채명신 [김태훈의 의미 또는 재미],Politics
"""드래곤볼이 왜 거기서 나와?""…SBS '개표 방송'에 빵 터진 日",Politics
민주당 광역단체장 13곳 우세…이재명 정부 첫 전국선거 압승,Politics
출구조사 발표 순간...민주 '환호' vs 국힘 '침통',Politics
"[6·3 지선] 박수현 민주 충남지사 후보 당선…""내주 월요일부터 인수위 가동""",Politics
‘尹의 황태자’서 ‘골목 정치인’으로…변신 성공한 한동훈,Politics
반년 넘게 지연 끝에 돌기 시작한 '핵잠 시계'…한미 '정례화' 물꼬,Politics
[6·3 지선] TK '보수 장벽' 여전히 높았다…민주당 단체장 '0'명,Politics
희비 엇갈린 ‘靑 사람들’…우상호·김남준 웃고 하정우·김병욱 울고,Politics
靑출신 김남준·전은수·김남국 승리…성남시장 도전 김병욱은 고배,Politics
“부정선거 무효!”… 잠실 제2투표소 밤새 막아선 시위대,Politics
"'추다르크' 추미애, 유리천장 깼다…첫 여성 광역단체장 탄생",Politics
출구조사 발표와 엇갈린 ‘환호’·‘탄식’…투표지 사태에 여야 모두 ‘긴장’,Politics
"“8년 만에 이룬 꿈”…박수현, 충남도정 정상에 서다[6·3의 선택]",Politics
"평택을 유의동, 출구조사 3위 뒤엎고 '대역전 드라마'",Politics
인천 ‘파란 물결’…지방권력까지 삼켰다 [6·3스포트라이트],Politics
"광역단체장, 민주 12곳·국힘 2곳 우세…서울·경남은 접전",Politics
원내 입성한 한동훈…조국·김용남 물리치고 평택을 거머쥔 유의동 [6·3의 선택],Politics
“그럴 줄 알았다” 6·3 지선 초반 개표…민주 14·국힘 1,Politics
"MB·박근혜 등판에도 한계…국힘, TK 사수에도 충청·부산은 고전",Politics
"한동훈 '신승'·유의동 '극적 역전'...조국, 복귀 실패",Politics
"개표 막바지…선관위 ""투표 용지 부족 재선거 사유 아냐""",Politics
단일화 실패로 표 분산…'정청래 책임론' 연임가도에 부담,Politics
재보선 14곳 승패 윤곽…민주 9 · 국힘 4 · 무소속 1 '당선' 또는 '유력',Politics
"민주 '13대3' 압승, 아직 모른다? 서울·경남 판세 오리무중 [선택 6·3]",Politics
"[6·3 지선] '선거의 여왕' 朴도 한계…국힘, TK 사수에도 충청·부산은 고전",Politics
"[6·3 지선] 與, 의석 4개 줄고도 압도적 과반…국힘과 강대강 대치 전망",Politics
"한동훈 웃고, 조국 울고…엇갈린 잠룡 운명",Politics
4년 전 8곳서 20곳 안팎으로… 서울 구청장도 ‘푸른 물결’,Politics
"‘보수의 심장’ 대구 끝장 승부… 추경호, 새벽 1시 넘어 역전",Politics
"정원오, 10%P 이상 앞서가… 늦어지는 개표에 밤새 초긴장",Politics
"장동혁, 선관위 '개표 중단 불가'에 ""인정할 수 없는 선거""",Politics
"한동훈, 인물론으로 역전극…야권 개편 중심축 될까",Politics
유의동 '언더독의 반란'…낙선한 조국 앞엔 험로가 놓였다,Politics
'투표지 부족'에 얼룩진 선거…전대미문 실책이 '불복' 빌미,Politics
'투표지 부족'에 멈춰선 장동혁 책임론…쇄신 시계 꼬였다,Politics
송파 투표지 절반만 준비했다… 초유의 투표 일시 중단,Politics
"YS “못 이기겠지만 종로 나가소”…황당 MB, 영화같은 일 일어났다",Politics
"與, 지선 승리했지만 위기는 지금부터…친명~친청, '당권 혈투' 서막 오른다",Politics
[자막뉴스] 한동훈 생환에 정치권 파장...민주당도 장동혁에도 위협적,Politics
'무소속' 한동훈 승리로 드러난 진정한 민심…보수 재편 신호탄 쐈다,Politics
6.3 지방선거서 與 지방권력 교체 성공…서울 초박빙·부산 승리(종합2보),Politics
평택을 진흙탕 싸움 끝에 최종 승자는 '유의동',Politics
"대전, 민주당이 광역·기초까지 싹쓸이... 국민의힘 참패",Politics
한숨 돌린 정청래...장동혁은 입지 '흔들',Politics
전국 파랗게 물들었다…지방 권력까지 장악한 '슈퍼 여당',Politics
"국힘, 총선-대선-지방선거 3연패… 당내 “장동혁 대표 책임져야” 성토",Politics
4년만에 뒤집힌 서울 구청장 지도… 경기 기초단체장 與 우위,Politics
"한동훈, 부산 북갑서 하정우에 역전승… 유의동, 평택을 승리",Politics
與 중량급 송영길-친명 김남준 국회 입성,Politics
정원오-오세훈 막판 접전…5%p 미만으로 격차 확 줄어,Politics
투표지 부족에 밤 10시까지 투표… “투표함 반출 안된다” 대치도,Politics
"단일화 실패한 진보, 유의동에 평택을 내줬다",Politics
"한동훈, 무소속으로 부산 북갑 뚫었다...보수 개편 신호탄",Politics
"與, 입법·행정 이어 지방까지 '천하통일'··· 검찰개혁·부동산 속도전 예고",Politics
"'반성 없는' 보수, 결국 심판 받았나... MB·박근혜 등판에도 참패",Politics
"개표 막바지 윤곽…선관위 ""투표 용지 부족 재선거 사유 아냐""",Politics
MB·박근혜 '역결집' 불렀나…전직 대통령 카드도 판세 못 흔들었다,Politics
[6·3 지선] '李정부 안정론' 택한 민심…'파란 물결' 대세형성,Politics
"'2전 3기' 김의겸, 금의환향…군산·김제·부안갑 재선거서 낙승",Politics
'AI 전문가' 하정우 출구조사 웃었지만 끝내 고배…원내 입성 불발,Politics
'텃밭은 수성했지만' 민주당 전남 기초단체장 곳곳서 고전(종합),Politics
"[6·3 지선] 최초 여성 광역단체장 타이틀 추미애, 대권주자 반열에",Politics
"""선착순 투표냐"" ""독일은 재선거""…국민의힘, 선관위 밤샘 항의 [선택 6·3]",Politics
부산 북갑 한동훈 승리···한동훈 제명한 장동혁 앞날은,Politics
[6·3 지선] 승패 가른 핵심 요인은…견제론 누른 내란청산론,Politics
전국 2030 남녀 표심 양극화…서울 2030 여성 표심은 달랐다,Politics
"국민의힘, 이변 없는 대패…해체론? 쇄신론? 분당론? 보수가 살 길은",Politics
범여권 분열에…유의동 막판 역전,Politics
[6·3 지선] 무소속 돌풍 김관영 '고배'…민주당 벽에 막혔다,Politics
"'두 번째 민주당 부산시장' 전재수 ""일하고 또 일하겠다""",Politics
"대구에 보내는 김부겸의 작별 인사 ""제 개인의 패배, 대구 시민 패배 아냐""",Politics
개표 막바지 당선자 윤곽…투표용지 부족 사태 파장,Politics
"[현장] ""이제 국회의원 한동훈""…북구갑 뒤흔든 역전의 밤",Politics
[6·3 지선] 인물론에 맞선 조직의 승리…전북 이원택 '예상 밖 낙승',Politics
"[6·3 지선] 평택을 유의동, 출구조사 3위 뒤엎고 '대역전 드라마'",Politics
"'용지 부족' 잠실 투표함 반출 놓고 밤샘 대치…""개표 중단""(종합2보)",Politics
"[6·3 지선] 김상욱, 국힘→민주 '배신자' 취급 극복 울산시장 우뚝",Politics
"유의동, 초접전 끝 김용남·조국 제치고 최후 승자에…“분열에 어부지리”",Politics
[6·3 지선] 정계개편 움직임 본격화하나…한동훈·조국 엇갈린 운명도 변수,Politics
'텃밭은 수성했지만' 민주당 전남 기초단체장 곳곳서 진땀,Politics
증시 신기록 앞세운 국정 안정론 먹혀… 지리멸렬 野가 심판 당해,Politics
공천논란 전북서 친청 이원택 당선… 정청래 연임 ‘파란불’,Politics
경합지 곳곳서 패색… 개표 끝나기도 전에 ‘장동혁 사퇴론’ 나와,Politics
'상처뿐인' 민주 '위태로운 생존' 국힘…시험대 오른 여야 지도부,Politics
"장동혁에 쫓겨난 한동훈, 국회 입성하며 보수 재편의 핵으로",Politics
"한동훈 당선 확정에 지지자들 '울컥'... ""장동혁 죽었어 이제!""",Politics
"토박이의 힘… 유의동, 예상 깨고 김용남·조국 눌렀다",Politics
"평택을 3위로 밀려난 조국 ""평택 시민 선택 겸허히 수용""…패배 인정(종합)",Politics
대구시장은 개표율 50% 넘기면서 추경호로 기울어져,Politics
PK는 피말리는 접전… 부산도 경남도 새벽까지 ‘1% 싸움’,Politics
[6·3 지선] 날 넘겨서도 승부 '안갯속'…강원·경남지사 선거 박빙 이어가,Politics
[6·3 지선] '초접전' 부산 북갑 보선서 한동훈 당선 원동력은,Politics
전대미문 '밤 10시 투표'… 폭력사태 우려에 경찰기동대 긴급 투입,Politics
"‘반도체 벨트’ 화성·평택, 민주당 당선 유력",Politics
평택을 승자는 유의동…조국 '국힘 제로' 외쳤지만 복귀 꿈 무산,Politics
조국 낙선 치명상…‘국힘 제로’ 외쳤지만 ‘국힘 어부지리’ 결과로,Politics
전국 개표 결과 윤곽…투표용지 부족 사태 파장,Politics
보수 텃밭서 살얼음판 승부…'김부겸 돌풍' 막아낸 추경호 [선택 6·3],Politics
"최악의 결과 받아든 범여권, 김용남·조국 난타전에 유의동 어부지리",Politics
"“선거 자체가 오염됐다”… 국힘, 투표지 부족 사태에 ‘개표 중단·재선거’ 총공세",Politics
3파전 혈투 끝에 유의동 승리,Politics
"한동훈, 하정우에 막판 역전승",Politics
"[6·3 지선] 출구조사부터 뒤지던 한동훈, 극적인 막판 뒤집기",Politics
"조국, '국힘 제로' 외쳤는데…'경기 평택을' 유의동 당선",Politics
김남준·김남국... ‘李의 사람들' 줄줄이 여의도로,Politics
밀리던 출구조사에서 극적인 막판 뒤집기...뱃지 달고 부활한 한동훈 [지금이뉴스],Politics
"""졌잘싸"" 김부겸, 대구에서 추경호에 석패",Politics
"유의동에 어부지리 안겨준 조국, 낙선으로 정치생명 위기",Politics
[뉴스특보] 지방선거 최종 투표율 61%…투표용지 부족 사태 파장,Politics
"[인터뷰] 한동훈 ""보수 재건하고 이재명 정권 폭주 제어할 것""",Politics
[6·3 지선] 공천갈등 딛고 대구시장 된 추경호…'경제통·보수 결집' 통했다,Politics
"조국·김용남 '범여 분열' 틈타…국힘 유의동, 경기 평택을 탈환 성공 [선택 6·3]",Politics
"초박빙 끝에 '역전패' 김부겸... ""선거 결과 승복... 대구시민 패배 아냐""",Politics
"[6·3 지선] '국힘 제로' 승부수가 '국힘 어부지리'로…조국, 낙선 치명상",Politics
출구조사 없는 재보선 12곳 판세는··· 영남 빼고 전 지역서 민주당 우세,Politics
"[속보] 한동훈, 최대 격전지서 여·야 모두 이기고 국회 입성",Politics
"국힘, 선관위 항의방문…""선거무효소송·개표 참관인 철수""(종합)",Politics
낙선 승복한 하정우 “북구 발전 계속돼야”… 한동훈에 축하 인사도,Politics
"靑출신 하정우, 부산 북갑서 패배…'준비 안된 신인' 한계 못 넘어",Politics
[6·3 지선] 뱃지 달고 돌아온 한동훈…보수재편 주도권 잡을까,Politics
'보수의 심장' 2번 등장한 박근혜 전 대통령...결정적 승부수 먹혔나 [이슈톺],Politics
"국민은 안정 택했는데, 선관위는 혼돈의 문 열었다(종합)",Politics
"정원오, 당선 땐 '제2의 이재명'?... 마지막까지 긴장의 끈 못 놨다",Politics
"""개표 중단"" 요구하며 끝내 안 나타난 오세훈... 패배 시 승복할까",Politics
‘절윤’ 실패에 자중지란 빠진 국힘…정권 견제론도 민심 못 얻어,Politics
‘6선’ 송영길·‘친노 적자’ 이광재 귀환…與 권력 지형 흔든다,Politics
"한동훈, 새벽 2시에 쓴 역전 드라마…“보수 재건 길 열어줘 감사”",Politics
사무총장 “송파 유권자 수 50%만 용지 인쇄”…오세훈 “개표 중단해야”,Politics
"경기 평택을, 국힘 유의동 '깜짝 당선'…조국 앞날은?",Politics
무소속 한동훈 당선…'제명' 시련 딛고 화려한 귀환,Politics
"""하필…"" 용지 부족 투표소, 알고 보니 '오세훈 초강세 지역'",Politics
장동혁 고향마저 野 외면…박수현 충남·신용한 충북 ‘탈환’,Politics
계엄의 밤 국회 찾았던 한동훈…제명 딛고 5개월 만 원내 진입(종합) [6월 선거],Politics
서울시장 선거 '투표지 부족' 헌정초유 사태…후폭풍 예고,Politics
'동탄 이준석' 평행이론…'명픽' 꺾은 부산 초선 한동훈 [선택 6·3],Politics
"김용남도 조국도 아니었다, 평택을 최후 승자는 유의동",Politics
한동훈 원내 입성에 장동혁 책임론도…국힘 노선 갈등 재점화할 듯,Politics
투표 용지 없어 투표 못하는 나라…서울 한밤 분노 터졌다,Politics
"민주 12곳 승리에도…서울 오세훈 대역전극, 경남 박완수 신승",Politics
"'원내 입성' 한동훈, 대권 주자로 부상…국힘 복당 시도, 보수 재건 목소리 높일 듯",Politics
“개표 중단” 전한길 주도 ‘부정선거 시위대’ 1000명 선관위 앞 집결,Politics
한동훈의 대역전극…보수 재편 본격화 전망,Politics
리더십 치명상 입은 장동혁… 한동훈은 존재감 입증,Politics
지방권력 되찾은 정청래호… 당대표 연임 영향 ‘촉각’,Politics
부산북갑 대역전 드라마…한동훈 ‘금배지’ 거머쥐며 날개 달았다,Politics
대통령 지역구 물려받은 ‘원조 친명’…인천 계양을 김남준 당선,Politics
당선자 속속 윤곽…초유의 투표용지 부족 파문,Politics
"한동훈, 기적의 '귀환'…""보수 재건하겠다""",Politics
"'보수 재건' 깃발 든 한동훈 생환…""반드시 복당"" 파란 예고",Politics
"[6·3 지선] 이진숙, 달성 보선 승리로 국회 입성…컷오프 딛고 금배지",Politics
텃밭 대구·전북서 격전… 민심은 여야 지도부에 ‘옐로카드’,Politics
"대구 '본투표함' 열리자 급반전…추경호 ""초조한 심경""",Politics
'부산 북구갑' 한동훈 당선…하정우에 대역전극,Politics
"세 번의 양보, 네 번째 금배지…이광재, 하남갑 보선 당선 확실",Politics
민주당 승리 … 지방권력도 '교체',Politics
[뉴스특보] 초유의 투표용지 부족 사태…속속 당선 윤곽,Politics
송영길 연수갑서 화려한 귀환 … 김남준·김남국 靑출신 당선,Politics
초반부터 앞서나간 정원오 … 개표 지연에 당선 확정은 늦어져,Politics
"김남준, 지역구 물려받은 ‘李측근’ 압도적 득표 [6·3 국민의 선택]",Politics
대구 김부겸 돌풍 막아낸 추경호…전재수 '힘있는 부산시장' 통했다,Politics
울산시장 김상욱 승기 … 경남은 접전,Politics
4년만에 다시 '진보 교육감' 바람 … 진보 12곳·보수 4곳 앞서,Politics
"與 정청래, 당권 사수 탄력받나 … 野 장동혁 체제는 격랑",Politics
"국힘 추경호, 민주당 김부겸 꺾고 대구시장 당선…‘경제통·보수 결집’ 통했다",Politics
"시민운동가에서 천안시장까지…장기수, 30년 천안 정치의 문법을 바꾸다 [6·3의 선택]",Politics
서울 25개구 중 민주 21곳 우세…4년만에 반대로 뒤집혔다,Politics
"추미애, 경기도 첫 여성 민선 도지사... ""경기대전환, 당당한 경기 열겠다""",Politics
이광재 경기 하남갑 선두…국회 4선 고지 밟나,Politics
"울산 남갑 보선 결과…민주 전태진·국힘 김태규 막판까지 박빙, 22년 보수 구도 깨나",Politics
"與, 압승 기세 몰아 정국 주도권 확보… 집권 2년차 李정부 국정 운영 가속도 [6·3 국민의 선택]",Politics
의회 권력 이어 지방 권력도 쥐었다…이재명·민주당의 승리,Politics
"하정우 42.9%, 한동훈 42.3%...배터리로 본 재보궐 득표 상황",Politics
"“부정선거 아니면 뭐냐”… 유권자·선관위, 투표함 반출 대치 [6·3 국민의 선택]",Politics
진보 12곳 우세…‘현직 프리미엄’ 힘 못 쓴 보수 교육감,Politics
與 압도적 승리… 지방권력까지 움켜쥐다 [6·3 국민의 선택],Politics
하정우 선두 속 한동훈 추격… 부산 북갑 보선 끝까지 피말리는 접전,Politics
"남성은 국힘, 여성은 민주…2030세대 정치성향 ‘양극화’ 여전",Politics
"개표율 48.12%, 시도지사 민주 13곳·국힘 3곳 우세…與 승리 전망",Politics
"민심은 ‘반성없는 내란세력 심판’… 여당, 14석 압승 ‘어게인 2018’ 눈앞",Politics
"함성·박수 터진 민주, 침묵·정적 빠진 국힘",Politics
"이재명 정부에 힘 실었지만… ""과욕 부리지 마라"" 견제 [부울경 선거 결과 분석]",Politics
"출구조사 나오자 터진 박수…조국 ""환호할 때 아냐""",Politics
[뉴스특보] 초유의 투표용지 부족 사태…지방선거 개표 중,Politics
전재수 캠프 ‘환호성 속에도 신중론’… 박형준 캠프 ‘아쉬운 표정에도 역전 기대’,Politics
"송파구 투표소 입구 막은 시위대, 개표 중단 요구하며 선관위 관계자들 위협…‘대치 상황’ 잠실7동 투표소 경찰 수백명 투입",Politics
서울 30대 여성은 오세훈 선택…전국 2030 여심과 달랐다,Politics
울산의 '강남'마저 민주당 차지?... 출구조사 없는 재보선 12곳 판세는,Politics
"출구조사 기선 잡은 전재수, 개표 초반부터 꾸준히 우위",Politics
“창문 깨고 들어가자”… 수백명 송파 투표소 포위하고 ‘투표함 반출 저지’ 대치,Politics
'용지 부족' 잠실 투표소…투표함 반출 놓고 3시간째 '대치'(종합),Politics
대구 김부겸 47.21% 추경호 51.75%…역전 뒤 차이 벌리는 秋,Politics
"'친청' 이원택, 김관영 꺾고 당선 확실시... 민형배 '최고 득표' 유력",Politics
전국 개표 진행 중…초유의 투표용지 부족 파문,Politics
"대구시장 선거 초접전... 추경호, 김부겸 3.46%p 차로 역전",Politics
충청권 4개 광역단체장 민주당 '싹쓸이'... '중원의 선택' 또 바뀌었다,Politics
"민주당, 부산 우세·울산 확실… 경남지사는 2.7%p 차 '초박빙 접전'",Politics
평택을 ‘3강 후보’ 숨 막히는 접전… 북갑도 막판까지 긴장감 [6·3 국민의 선택],Politics
"장동혁, 충청도 밀리자 자리 떴다... '대구 경합' 출구조사에 고개 떨군 국민의힘",Politics
민주 이원택 전북지사 당선 확실… 무소속 김관영 꺾었다 [6·3 국민의 선택],Politics
국회의원 재보궐 판세 한눈에...실시간 개표율,Politics
경남 송영기·권순기 초박빙…울산 각축전 속 조용식 승기,Politics
전재수 우세·김상욱 당선…경남 초박빙,Politics
민심은 국정안정 택했다…민주 영남 약진·4년 전 패배 설욕,Politics
"[현장] 엎치락뒤치락 평택을…""조국"" 연호하던 선거사무소, 역전 소식에 침묵",Politics
영도구청장 민주 김철훈 확실…동구 국힘 강철호 유력,Politics
전북 이원택·울산 김상욱·대전 허태정·충북 신용한…민주당 약진,Politics
"‘대통령 지지’ 담긴 표심, 내란 못 벗은 국힘에 경고장 날렸다",Politics
"수성이냐, 공성이냐...광역단체장 실시간 개표율",Politics
[6·3 지선] 男은 국힘·女는 민주…2030 정치성향 양극화 여전,Politics
"출구조사 결과에 희비 교차…하정우 캠프 환호, 한동훈 말아껴(종합)",Politics
이 시간 현재 유력·확정 후보는 누구?…개표율 33.6%,Politics
투표용지 없어 투표 못하는 나라…국힘 “서울 재선거 하라”,Politics
밤 10시께 격차 더 벌리자 캠프 “시장 전재수” 연호도,Politics
"광역단체장 16곳 개표 현황…민주당 ‘전국 정당’ 재건, ‘보수 성지’ 대구도 초접전 이변",Politics
"재보선 14곳 개표 현황…민주당 11곳 우세, 국힘 대구 달성 ‘안정권’",Politics
"6·3 지선 개표 중반, 민주 14곳·국힘 2곳 우세…與 승리 유력(종합)",Politics
개표 초반 앞선 박형준 측 고무…전세 역전 뒤 싸늘한 정적,Politics
"출구조사에 고개 떨구던 국힘, 투표지 부족에 “선거 무효”",Politics
조국혁신당 ‘초박빙 3파전’ 희색…눈물 훔치기도,Politics
“11곳 우세”에 민주당 환호성 쏟아져…평택을 ‘경합’엔 아쉬운 탄식,Politics
"선관위 몰려간 국힘 지도부…장동혁 ""선거무효소송 낼 것""[영상]",Politics
선거민주주의가 모독당했다…투표용지 부족 사태로 얼룩진 6·3 선거,Politics
"국힘, 선관위 항의방문…""선거무효소송 내고 개표 참관인 철수""",Politics
"김상욱 울산시장 당선인, 내란에 반기 들고 당적 바꿔…울산 정치 ‘세대 교체’ 기수로",Politics
국힘 “선거무효소송 내고 개표 참관인 철수”…선관위 항의 방문,Politics
“선관위원장 나오라 해” 노태악 집무실 들어간 장동혁…‘개표 중단’ 요구에 돌아온 말은,Politics
"김남국 경기 안산갑 당선인, 코인·인사청탁 논란 속 국회 재입성",Politics
이 시각 부산 북갑…하정우·한동훈 접전 [국민의선택],Politics
"송영길 인천 연수갑 당선인, 돈 봉투 살포 의혹 ‘정치적 위기’ 딛고 당 최다선 ‘6선 고지’",Politics
"與 '환호'-野 '침묵', 출구조사 결과 나오자 희비 갈렸다",Politics
[6·3 지선] 행정 모세혈관 품안에…李대통령 2년차 국정동력 '탄력',Politics
"국힘, 선관위 심야 항의 방문…""즉각 개표중단 촉구""",Politics
"진보 교육, 최소 11곳…‘현직 프리미엄’ 줄어든 보수 교육감",Politics
"국힘 ""재선거해야""...민주 ""일고 가치 없다""",Politics
재보궐도 민주 우세...북갑·평택 내줬지만 14곳 중 9곳서 승기,Politics
"앞서 나간 정원오… 오세훈, 투표용지 사태에 “개표 중단돼야”",Politics
‘보수의 심장’ 흔들리나…김부겸 우세 속 초박빙 살얼음판 [6∙3의 선택],Politics
[기획] 국힘 사지로 내몬 '張 아집'… 당 해체론까지 솔솔,Politics
[6·3지방선거] 피말리는 부산·대구·전북·강원… ‘뜬눈 지새운’ 조국·한동훈,Politics
"[6·3지방선거]李측근 막내 김남준, 정진상·김용보다 먼저 국회 입성",Politics
선거는 끝났다…충청 미래 4년이 시작됐다,Politics
"'선관위 항의 방문' 장동혁 ""선거 자체 심각하게 오염… 개표 중단해야"" [뉴시스Pic]",Politics
국민의힘 지선 참패 위기…'이재명 높은 지지율·보수 분열' 악재 겹쳤다,Politics
"與, 총선·대선·지선 '3연승'…사실상 '민주당 천하' 열렸다",Politics
"장동혁 ""노태악에 개표 중단 요구했지만 '중앙선관위 권한 아니다'라는 답 들어""",Politics
"‘추다르크’ 추미애, 유리천장 깼다…첫 여성 광역단체장 유력",Politics
"지선 이후 여의도 풍경은?…""여당 상임위 독점 현실화 가능""",Politics
"사상 초유의 사태에 분노...""문제 시 재선거"" 분위기 뒤바뀐 국힘 [지금이뉴스]",Politics
서울 잠실7동 투표소 앞 100여명 몰려…'투표함 반출' 대치,Politics
"하정우, 자택에서 개표방송 시청…표심 향방에 '초긴장'",Politics
"장동혁, 노태악 만났지만 개표중단 못시켜...서울선관위로 이동",Politics
"“개표 중지, 부정선거”…사상 초유 투표용지 부족사태 發 혼란",Politics
"잠실7동 주민들 ""개표 중단"" 아수라장…'투표함' 반출 막고 대치",Politics
격전지 서울·대구시장 선거 세대·성별 격차 뚜렷,Politics
"진보 교육감, 수도권 수성·지방 격전지 판도 재편 [6·3 민심의 선택]",Politics
김상욱에 힘 실어 준 울산…경남은 김경수·박완수 엎치락뒤치락,Politics
[6·3 지선] 金총리 여의도 복귀 초읽기…차기 총리에 시선 집중,Politics
‘참패’ 전망에 적막하던 국민의힘…선관위 사태에 분위기 급변,Politics
"""80평생 처음 겪는 일"" 분통 터진 유권자…'투표용지 부족' 초유 사태",Politics
"""선관위, 선거법 위반 소지""...투표소에서 '무효' 외치는 유권자들 [이슈톺]",Politics
"민주, 환호 속 신중모드… 국힘은 개표 중단·재투표 요구 [6·3 민심의 선택]",Politics
잠실7동 제2투표소 투표함 반출 난항…주민·유튜버 수백명 몰려,Politics
"[6·3 지선] '추다르크' 추미애, 유리천장 깼다…첫 여성 광역단체장 탄생",Politics
"‘적막감’ 흐르던 국힘, 갑자기 분주해진 이유…‘용지부족 사태’에 동분서주",Politics
"캠프 찾은 박민식 ""승리의 기쁨 안겨드리지 못해 송구"" [국민의선택]",Politics
"與, ‘내란 심판론’ 등에 업고 압승했지만… 주요 승부처 접전 ‘정청래 책임론’ 불씨 [6·3 국민의 선택]",Politics
텃밭서도 기대 이하 성적표 받은 野… 커지는 보수 재편론 [6·3 국민의 선택],Politics
[현장] '초접전' 한동훈 캠프…출구조사부터 개표 중반까지 '롤러코스터',Politics
'소쿠리' 뭇매 맞고도 정신 못차린 선관위,Politics
"국민의힘, '참패' 전망에 적막하다 선관위 투표용지 부족 사태로 분주",Politics
"6·3 지선 초반 개표…민주 14곳 우위, 국힘 경북만 우세",Politics
김상욱 울산시장·전태진 남갑 재보선 '당선 유력' [선택 6·3],Politics
소쿠리 투표 이어 용지부족 초유의 사태…선관위 신뢰 ‘추락’,Politics
보수 현역 꺾고… 8년 만에 다시 진보교육감 시대 [6·3 국민의 선택],Politics
“기다리다 집에 가” “투표권 도둑당한 느낌” 분통터진 유권자 [6·3 국민의 선택],Politics
경기지사 민주당 추미애 당선 확실…첫 여성 광역단체장,Politics
충청 4곳·인천·경기 휩쓴 ‘파란 바람’… 초대 전남광주통합시장 압도적 승기 [6·3 국민의 선택],Politics
"정원오 캠프 “시민들 열망이 지지로”… 오세훈 캠프, 예상 밖 격차에 침묵 [6·3 국민의 선택]",Politics
[민심터치] 2611만 '호주 인구 맞먹는' 수도권 개표 상황,Politics
"참담한 野 “마지막까지 봐야”… 국힘, 무거운 침묵 속 ‘초상집’ [6·3 국민의 선택]",Politics
"같은 선거, 다른 예측… 부산 북갑에 쏠린 전국의 시선",Politics
"환호한 與 “李정부에 힘 실어줘”… 민주, 출구조사 발표에 ‘잔칫집’ [6·3 국민의 선택]",Politics
"국회의원 재보선, 개표 초반 민주 10곳·국힘 1곳·조국혁신당 1곳 앞서",Politics
"장동혁 ""서울시 선거 오염돼…개표 중단하고 재선거해야""",Politics
여야 ‘보수 심장’ 대구서 초유의 접전… 부산서도 ‘박빙’ [6·3 국민의 선택],Politics
평택을 ‘3강 후보’ 숨 막히는 접전… 북갑도 밤새 엎치락뒤치락 [6·3 국민의 선택],Politics
경북 1곳 빼고 대구조차 박빙...보수 대패 '2018년 어게인' 우려 [6월 선거],Politics
요동치는 민심…“검색어는 알고 있다”,Politics
"민주 11곳, 국힘 1곳 우세… 4곳은 경합 [6·3 국민의 선택]",Politics
"투표하라더니 투표지 부족하다는 선관위…野 ""재선거"" vs 與 ""개표 진행 중""",Politics
"민주, 환호 속 신중모드… 국힘은 '재선거' 요구 [6·3 민심의 선택]",Politics
차기 당권 주자 송영길 귀환…정청래 연임 빨간불[6월 선거],Politics
[속보] 김상욱 울산시장·전태진 울산 남갑 후보 당선 유력 [KBS],Politics
강원 민심의 풍향계는?…여기가 ‘족집게’,Politics
"""개표 중단이 필요할 수도 있단 생각""...선관위 대응 비판한 교수 [이슈톺]",Politics
"""전대미문의 사태"" 격분한 국힘 ""개표 당장 중단하라""",Politics
"與 ""재투표 주장 일고의 가치 없어…국힘, 주권자 뜻에 불복 말라""(종합)",Politics
"[민심터치] '접전' 대구 달성, 현재 1위 이진숙…이변은 없다?",Politics
민주 '미니총선' 압도..다자전 평택을·부산북갑 박빙,Politics
"성동구 성공신화 쓴 '명픽' 정원오, 서울시장 초반 개표서 앞서[6월 선거]",Politics
[속보] “투표함 반출 막아라”…용지부족 사태에 유권자 분노 폭발,Politics
"잠실7동 '투표용지 부족' 현장...""투표함 이동 안돼""",Politics
"국힘 ""서울 재선거 치러야""...민주 ""일고 가치 없다""",Politics
"‘캐스팅보트’ 충청권, 민주당이 싹쓸이… 중원 민심 ‘정권 안정론’ 선택 [6·3의 선택]",Politics
보수에 회초리 든 민심… 與 지방권력도 쥐다,Politics
이 시각 김경수 캠프‥출구조사 결과에 환호,Politics
"박형준 캠프 분위기…""충분히 뒤집는다"" 반전 기대",Politics
"""와~ 정원오!"" 출구조사 오세훈에 앞서자 환호 터진 정원오 캠프",Politics
오세훈 없는 캠프는 '한숨만'...강남 3구 막판 '몰표' 노린다,Politics
대전·세종·충남·충북서 민주당 모두 우세 [6·3의 선택],Politics
청와대 출신 vs 윤 정부 출신…현재 성적표 보니 [국민의선택],Politics
출구조사 없는 재보선 12곳 판세는···이광재·이진숙 개표 초반 '우세',Politics
조국·김용남 양강이라더니… 평택을 국힘 유의동 ‘깜짝 당선’,Politics
"‘추풍(秋風)’에 휩쓸린 경기… 출구조사 60.4% 압도적 우위, ‘첫 여성 지사’ 눈앞 [6·3의 선택]",Politics
"한동훈, 밤샘 혈투 끝 대역전극… “이재명정부 폭주 제어”",Politics
6.3 지선 투표율 '역대 2위' 60.7%… 격전지가 투표율 끌어올렸다,Politics
"조국·한동훈, 여의도 입성할까… 재보선 출구조사 대혼전",Politics
"초유의 대규모 투표용지 부족 사태…선관위 ""책임 통감, 법원 판단 따라야""",Politics
[6·3지방선거] 18세 새내기부터 110세 할머니까지… 온 가족 ‘소중한 한 표’,Politics
초접전 양상에 후보들 안절부절… “지금부터 신의 영역”,Politics
선거 국면 내내 앞서가던 추미애·박찬대… 이변없이 ‘압승’,Politics
"""선관위, 궁금한 건 하나도 답 안했다""...혀 내두른 정치학 교수 [이슈톺]",Politics
국민의힘 ‘선거 불복’하나···장동혁 서울 10여개 지역 투표용지 부족 사태에 “재선거해야”,Politics
"'투표용지' 기다리던 유권자들 ""이게 맞나요"" 분노",Politics
"민주당, 충청권 4곳 우세…국민의힘 방어선 흔들",Politics
"4년 전 12곳 뺏긴 민주, 보란 듯이 설욕…전국 광역장 출구조사",Politics
"환호·박수 터진 與, 무거운 침묵 野… 출구조사 희비",Politics
'내란 심판' 타고 '진보의 교실' 귀환… 경쟁 완화 교육 추진될 듯,Politics
[뉴스특보] 전국 개표 진행 중…이르면 자정쯤부터 당선자 윤곽,Politics
전북도지사 초접전 속 출구조사 이어 개표 초반 이원택 후보 우세 [6·3의 선택],Politics
"민심열차, 호남 지역 개표 상황은?",Politics
"경남 김경수·울산 김상욱 우세, 부산은 초접전… 민주당 '부울경' 전승 청신호",Politics
"권영국 예측조사 1.9%, 정의당·녹색당·노동당 대표의 평가는?",Politics
‘중원’ 열세에 대구까지 ‘경합’…국민의힘 장동혁호 어디로?,Politics
[민심터치] 주목! '대통령의 참모들'…현재까지 득표율은?,Politics
4년 만에 뒤집힌 결과…정청래 당권 재도전 탄력 받을까?,Politics
"[6·3 지선] 국힘, '참패' 전망에 적막…접전지엔 간절한 기대",Politics
"[속보] 국힘 ""서울 개표 중단, 재선거해야""…오세훈도 ""개표 중단""",Politics
"[현장영상+] 장동혁 ""이미 투표 공정성 깨졌다...서울시 선거는 오염""",Politics
"첫 민주당 대구시장 노리는 김부겸, 추경호 0%대 초박빙 승부",Politics
장동혁 “서울 개표 중단하고 재선거해야…오염된 선거는 무효”,Politics
"""일꾼 뽑을 것"" 역대급 투표율에도…초유 '투표지 부족' 얼룩(종합)",Politics
송언석 “투표용지 부족 사태 심각…서울 개표 즉시 중단해야”,Politics
"재보선 6.72% 개표, 평택 김용남·북갑 하정우 선두…與 8·野 1 우세",Politics
"대구 초박빙에 ""예상했다""…아쉬움 드러낸 추경호",Politics
'5자 구도' 경기 평택을... 조국·유의동·김용남 1%p 내 초접전,Politics
[부산 북갑] 더불어민주당 하정우·무소속 한동훈 1%p 차 접전,Politics
"""이런 적이 있냐"" 대구가 '초접전'…김부겸 미소",Politics
재보선 개표 초반 민주 7·국힘 1 우세…북갑은 미개표,Politics
"'이규연 피고발 기사' 삭제한 이데일리, 2주 뒤 포럼에 이규연 수석 참석",Politics
"'투표용지 부족 사태'에 국힘 ""오염된 선거는 무효, 재선거 실시하라""",Politics
"2030 청년 픽은 누구···서울 ‘오세훈’, 부산 ‘전재수’[6·3 지방선거]",Politics
[출구조사]③ 엇갈린 2030 남녀 표심…심층 출구조사 결과는?,Politics
'보수 위기론' 속 등판한 박근혜…지선 후 정치행보 본격화하나,Politics
"홍준표 ""난 출구조사 즉시 사퇴, 장동혁은 버틸 것"" vs 박지원 ""역사 봐라 못 버텨""",Politics
[6·3 지선] 욕설·고성에 용지 부족까지…전국 투표소 곳곳 소란·혼선,Politics
'투표용지 부족' 12곳 아니었다...추가적으로 늘어나는 중 [이슈톺],Politics
"‘명픽’ 정원오, 구청장 출신 첫 시장 되나…오차밖 우세에 캠프 환호성",Politics
"민주당, 김부겸 초접전 출구조사에 ""와아""…환호 속 웃지 못한 정청래",Politics
출구조사서 재확인된 ‘이대남’ 보수화…수도권서도 국힘 몰표,Politics
"국힘 “서울시 선거 오염... 개표 중단, 재선거 하라”",Politics
[출구조사]② 부산·대구·강원·전북 ‘안갯속’…재보궐 ‘초접전’,Politics
"""역전 기대.. 출구조사 뒤집는다"" 김광수 캠프 분위기는?",Politics
"열세 출구조사에 긴장하던 분위기 '반전'...""한동훈 이긴다"" 지지자 주먹 [지금이뉴스]",Politics
[출구조사]① 민주당 11곳·국민의힘 1곳 ‘우세’…4곳 ‘접전’,Politics
"與, '11곳 우세' 출구조사 결과에 표정 관리…정청래는 덤덤한 표정",Politics
"“정청래 끌어내리는 데 모든 것 바치겠다”…전남지사의 분노, 왜?",Politics
한동훈 국회 입성하나…혼전 속 부산 북갑 보궐선거,Politics
“까딱하면 진다” 여야 총결집에 ‘투표율 61%’…지방선거 역대 2위,Politics
"공들인 충청 4곳 모두 열세…장동혁, 40분만에 자리 떠",Politics
1%P vs 10%P 어디가 맞아?…엇갈린 출구조사에 하정우·한동훈 표정이,Politics
출구조사 결과에 엇갈린 표정...초유의 '투표용지 부족' 공방,Politics
"한동훈 캠프 앞 출구조사 방송3사에 탄식, jtbc에 환호",Politics
"하정우·한동훈, 오차범위 내 접전…김용남·유의동·조국 '초박빙'",Politics
[르포] “6시 지났는데 투표하라고요?” 용지 부족에 ‘투표 중단’ 송파구 일대 투표소 아수라장,Politics
"'최소 11석 확보' 민주, 진보 표심 결집에 '미니 총선'도 압도 [6·3 민심의 선택]",Politics
"민주, 환호 속 신중모드… '경북만 우세' 국힘은 적막 [6·3 민심의 선택]",Politics
"진보, 서울·경기·인천서 '완승'… 현직 출마 안한 6곳서도 약진 [6·3 민심의 선택]",Politics
0.8%p 안에 1·2·3위…'초접전' 평택을 환호도 탄식도 없다,Politics
“이게 21세기 선거 맞나”…용지없어 투표중단·지퍼백 투표 논란까지,Politics
조국 31.1%·유의동 30.6%·김용남 30.3% 평택을 역대급 초박빙 3파전,Politics
"초접전 평택을, 누구도 웃지 못한다…새벽 윤곽까지 캠프들 초긴장(종합)",Politics
전북 이원택·김관영 엎치락 뒤치락,Politics
"'예측 1위' 민주 11곳, 국힘 1곳…접전 4곳 [국민의선택]",Politics
"""지선 다음은 당권""… 정청래·장동혁 연임이냐 물갈이냐[6·3 민심의 선택]",Politics
"진보 교육감, 수도권 3곳 유력해 전국 판도 재편[6.3 선거]",Politics
서울 정근식·경기 안민석·부산 김석준…다시 '진보 교육감 시대',Politics
국힘 '자중지란'이 키운 참패…막판 보수결집은 없었다,Politics
"투표지 부족 사태에…""투표율 예상보다 높아서"" 해명 [국민의선택]",Politics
출구조사로 본 부산 지역 민심은?,Politics
"정원오 '접전' 예상 깨고 출구조사 당선 유력, 캠프 환호성",Politics
김영록 지사의 폭탄선언 “정청래 끌어내리겠다… 당 지도부 교체 투쟁” [6·3의 선택],Politics
"국힘, 곳곳서 '탄식'…장동혁, 예측조사 40분 만에 상황실 떴다",Politics
"""투표지 사태 대국민사과""…선관위 근처 화재 발생",Politics
"0%대 초접전…김부겸 ""시민 열망 모여""·추경호 ""지켜봐야""(종합2보)",Politics
"중앙선관위 ""서울 12개 투표소 용지 부족해 즉시 이송…개표는 그대로 진행""(종합)",Politics
‘초박빙 평택을’ 조국혁신당···출구조사 직후 환호와 눈물[6·3 지방선거],Politics
"""초딩 선거만도 못 해"" 분노 폭발한 유권자…10여 개 투표소 용지 부족 '초유의 사태'",Politics
"보행 보조기 의지한 106세 어르신, ""먼저 해달라"" 소란 피운 60대",Politics
‘50명 먼저 투표하실께요...맛집인가?’…대기표 들고 투표 기다린 뿔난 송파구 시민들,Politics
"대구시장 출구조사 초박빙에…추경호 ""예상한 대로 초접전""",Politics
40분 침묵하다 떠난 장동혁…출구조사에 적막 [국민의선택],Politics
[민심터치] '전국서 1위' 강원 투표율…주목할 'TOP4' 봤더니 깜짝,Politics
출구조사 발표에 민주당 '함성'…대구서도 접전 [국민의선택],Politics
"초박빙 예측인데 '표정 딴판' 대구, 지지자들 ""꼭 이겨요!"" vs. ""못 믿는다!""",Politics
박수 터진 민주당·말 잃은 국민의힘…출구조사 직후 여야 표정,Politics
'우세 1곳' 참패 전망에 장동혁 40분 침묵후 자리 떠…엇갈린 양당 상황실,Politics
지상파 '초접전'·JTBC '한동훈 우세'… 엇갈린 출구·예측조사,Politics
[르포] “종이 없어서 투표 못할 줄이야”…서울 송파구 잠실 일대 투표소 대혼란,Politics
"[2026 지선] 국힘, 지상파 '우세 1곳' 예측에 침묵…""끝까지 결과 봐야""",Politics
"[현장+]'11대 1' 쇼크에 환호와 침묵…정청래 10분, 장동혁 40분 만에 떠났다",Politics
[6·3 지방선거]개표 결과에 터진 박수와 탄성…민주 '환호' vs 국힘 '침울',Politics
이원택·김관영 ‘초박빙’… 김영록 “모든 걸 바쳐 정청래 끌어낼 것” [6·3의 선택],Politics
靑 '與 우세 예측·출구조사'에 차분함 속 안도…김부겸·하정우 '기대감',Politics
"[6·3지방선거]보궐선거, 하정우·한동훈 경합…임문영 확실",Politics
교육감 진보 9곳·보수 3곳 우세…출구조사 4곳 경합,Politics
"혁신당, 평택을 ‘1%p내 접전’에 굳은 표정으로 박수만 [6·3의 선택]",Politics
"""피 말리는 조국·한동훈""…경기 평택을·부산 북갑 출구조사 '대혼전' [선택 6·3]",Politics
충청권 4개 광역단체장 민주당 '싹쓸이'... '중원의 선택' 또 바뀌었다 [출구조사],Politics
'끝날 때까지 끝난 게 아니다' …지상파 3사·JTBC 출구조사 곳곳서 '정반대 예측',Politics
“투표사무원이 투표하러 온 사람에게 특정 후보 찍으라고 말하는 것 들었다” 주민 신고,Politics
지상파 3사 출구조사·JTBC 예측조사 제각각…부산·강원·충청·경남 예측불허(종합),Politics
민주 11곳 승리 유력…국힘 경북 1곳만 우세 [6·3 지방선거 출구조사],Politics
'경북 1곳만 우세' 출구조사 발표에 장동혁 30분간 침묵,Politics
"여야, 출구조사 결과에 희비 교차…與 '박수' 野 '침묵'(종합)",Politics
[민심터치] 여야 당대표 운명 달렸다…이 지역만큼은 '절대 사수',Politics
교육감선거 출구조사 진보 9곳·보수 3곳 우세⋯4곳 접전,Politics
"출구조사 결과 나오자 민주당선 환호, 국힘은 침묵",Politics
"서울 앞서, 대구 접전… 민주, ‘與 압승’ 출구조사 결과에 환호·박수갈채",Politics
"투표소 12곳 용지 바닥, 투표 중단…""이게 말이 되나""",Politics
[영상] 앞선 출구조사 결과에 하정우 지지자들 '환호',Politics
"우상호 “개표 지켜볼 것, 도와주신 분들께 감사”⋯앞선 출구조사에 민주 환호",Politics
추경호 49.9%·김부겸 49.1% 대구시장 출구조사 초접전…양 캠프 긴장,Politics
[국민의선택] 부산 북갑 출구조사 발표 순간…환호성 터진 두 캠프,Politics
송파·강남·광진 '투표용지 부족' 초유 사태…오후 7시 투표 계속(종합),Politics
"개표 끝날 때까지 피 말린다…평택을 3인 초접전, 하정우·한동훈 '박빙'",Politics
"韓·美, 우라늄 농축·사용후핵연료 재처리 논의",Politics
"민주 경기 등 5곳-국힘 경북, 출구조사 10%P 이상 앞서",Politics
부산 투표율 62.1%로 마감… 북구 70.2% 최고,Politics
[아는기자]초유의 투표용지 부족 사태…“예상보다 높은 투표율”,Politics
[아는기자]높은 투표율 여야 누구한테 유리한가?,Politics
송영기·권순기 '접전' 출구조사 결과에 환호-신중 엇갈려,Politics
"[현장+]국민의힘, '우세 1곳' 출구조사에 '얼음'…""새벽 돼 봐야""",Politics
"[6·3 지선] 민주, 출구조사 뜨자 환호·박수…접전엔 탄식도",Politics
'미니총선'도 민주당 석권 전망..정권안정론 우세,Politics
[민심터치] '현역 프리미엄' 도움 될까…연임 도전하는 국힘 단체장들,Politics
‘5060 남성 천하’ 지방정치...첫 여성 광역단체장은 희망 [6·3 지선],Politics
국민의힘 ‘우세 1곳’ 출구조사 결과 발표에 적막···장동혁은 내내 침묵[6·3 지방선거],Politics
'무거운 침묵' 출구조사에 굳어버린 오세훈 캠프…탄식과 한숨만[6월 선거],Politics
'정원오 유력' 출구조사에 함성·박수·만세·눈물,Politics
"'출구조사 경합' 조국 ""환호할 때 아냐… 차분하게 기다려달라"" [뉴시스Pic]",Politics
한 군데 아니었다…'투표용지 부족사태' 일부 유권자 발길 돌려,Politics
민주당 10곳·국힘 1곳 우세…경합지 5곳 [JTBC 출구조사],Politics
한미 '핵잠·농축재처리' 첫 회의 종료…이르면 내달 美서 2차 회의,Politics
"한동훈 캠프, 3사 출구조사에 ‘긴장’…JTBC 예측조사엔 ‘환호’",Politics
출구조사 뒤진 결과에 오세훈 캠프 '침통',Politics
‘대구·전북’ 방송 3사·JTBC 모두 접전 예측…부산 북갑·평택을도 혼전,Politics
"출구조사 압도적 열세에 얼어붙은 국힘…장동혁, 침묵 속 퇴장",Politics
이 시각 김용남 후보 선거상황실‥출구조사 결과에 한숨 쏟아져,Politics
"[아는기자]광역단체장 출구조사, 접전인 곳은?",Politics
최대 격전지 '평택을'·'부산 북갑' 출구·예측조사에도 '오리무중',Politics
"정치지형 개편… 민주당, 조국혁신당과 합당 불지피나 [6·3 민심의 선택]",Politics
엇갈린 출구조사 성적표에 희비 갈려…민주 11곳·국힘 1곳 우세,Politics
"오세훈 ""개표 중단"" 요구에 선관위 항의 방문 나선 지지자들",Politics
"방송3사 11대1, JTBC 10대1…4~5곳 경합",Politics
"[현장+]평택을 초접전에도 ""조국! 조국! 조국!""…가장 먼저 전한 말은",Politics
"""끝날 때까지 모른다"" 김광수 후보 캠프 분위기는?",Politics
장동혁 40분 침묵후 상황실 빠져나갔다…국힘 ‘참패’ 출구조사에 정적,Politics
평택을 김용남·유의동·조국 ‘초박빙’…부산 북갑 하정우·한동훈 예측은 엇갈려,Politics
"민주 11곳, 국힘 1곳 우세…부산·대구·강원·전북 경합 [출구조사]",Politics
[민심터치] '대권 잠룡들' 운명의 날…JTBC 예측 성적은?,Politics
"민주당 상황실, 대구 출구조사에 ""와아!"" 환호성 폭발",Politics
"한동훈 캠프, 방송사별 다른 출구조사 결과에 긴장·환호 교차",Politics
"‘엎치락뒤치락’ 예측불허 대구시장…김부겸∙추경호, 출구조사서 0.8%P 차 ‘초접전’ [6∙3의 선택]",Politics
"""100분 기다렸는데…투표권 도둑당해"" 용지 부족에 '분통'",Politics
與 '환호' 野 '침묵'…출구조사 발표에 희비 엇갈린 상황실,Politics
"이변은 없을 듯..민주당, 경북 빼고 휩쓸 수도",Politics
출구조사 결과에 정원오 캠프 '환호'…오세훈 캠프는 '정적'(종합),Politics
이번엔 ‘지퍼백 투표’…서울 곳곳 투표용지 부족 대혼란,Politics
"[6·3 지선] 여야, 6~8곳 경합지 분류…출구조사 결과는?",Politics
"[속보] 초유의 투표지 부족 사태, 송파구서 ‘대기표’ 발부…“책임 물을 것” 국힘 격앙",Politics
"인천시장, 박찬대 캠프 ‘환호’ 출구조사 53.37%…유정복 ‘침묵’",Politics
예측 1위 '1곳'에 충격…적막 감돈 국힘 상황실 [국민의선택],Politics
출구조사서 김상욱 52.8%·김두겸 43.2%…울산 여야 '희비교차',Politics
"""화합하는 정치 기대"" ""소외계층에 관심을""… 한마음으로 소중한 한 표 꾹!",Politics
"'부산북갑' 하정우·한동훈, '평택을' 조국·유의동·김용남 1%P 초접전",Politics
서울 등 11곳 예측 1위…함성 터져 나온 민주당 [국민의선택],Politics
"""결과 더 지켜봐야""…출구조사 초접전 결과에 말 아낀 추경호",Politics
"민주 ""환호"" 국힘 ""적막""…희비 엇갈린 양당 상황실",Politics
"""용지 없는 게 내 잘못이냐""…송파서 투표 못한 유권자들 '항의' [6월 선거]",Politics
"110세 불편한 몸도, 섬마을 먼 길도 막지 못했다… ‘한 표의 힘’ [6·3 국민의 선택]",Politics
"‘부정선거 소란’ 속출… 경찰, 갑호비상 발령 [6·3 국민의 선택]",Politics
"숨 고르며 긴장한 한동훈, 출구조사 뜨자 지지자들 ""이긴다!""",Politics
"'평택을' 조국, 3사 출구조사 우세... ""차분하게 지켜보자""",Politics
"대통령이 보낸 피자 50판, 받은 곳 어디?",Politics
김민석 ‘당권도전’ 채비… 2기 개각론 고개,Politics
환호·박수 터져나온 민주당… 평택을 등 접전 예측엔 탄식도,Politics
"경남 김경수·울산 김상욱, 6·3 지방선거 출구조사서 앞서",Politics
격전지선 막판까지 고소·고발 ‘얼룩’ “오빠 해봐요”… 잇단 설화에 혼쭐도 [6·3 국민의 선택],Politics
후보 대신 전·현직 대통령 부각… 풀뿌리 민주주의 취지 ‘퇴색’ [6·3 국민의 선택],Politics
"[현장] 두 손 모은 박수현, 출구조사 52.1% 확인 순간…캠프는 환호성으로 들썩",Politics
출구조사 발표에 ‘환호’ 가득 찬 민주당 상황실···정청래는 끝까지 표정 관리[6·3 지방선거],Politics
"출구조사에 갈린 희비…김경수 캠프 환호, 박완수 캠프 침통",Politics
"부산시장·북갑 보궐, 출구조사서 ‘초박빙’(종합)",Politics
"""투표지가 없다고? 말이 돼!""‥'초유의 사태' 송파구 발칵",Politics
막판 접전지 늘며 양측 지지층 결집… 판 커진 재보선도 한몫 [6·3 국민의 선택],Politics
"與 상황실, 출구조사 '경합 4곳'에 작게 박수만…서울 접전우세부터 '환호성'",Politics
"16곳 중 11곳 '유력'에 ""야호!"" 민주당 환호…대구·부산 발표 때 함성 커",Politics
"방송 3사 출구조사 민주당 11곳, 국힘 1곳 우세...4곳 경합",Politics
"시도지사 민주 10~11곳·국힘 1곳 우세, 경합 4~5곳…방송3사·JTBC 조사(종합)",Politics
이철우 69.7%·오중기 30.3%…출구조사 결과에 이 측 박수·환호,Politics
"광역단체장 서울 정원오 우세, 부산·전북·대구·강원 경합…방송3사 출구조사(종합)",Politics
"‘보수의 심장’ 대구의 이변…출구조사 0.8%p, 0.5%p 차 ‘초접전’",Politics
재보궐 최대 격전지 경기 평택을·부산 북갑 1% 안팎 초접전,Politics
"민주 11곳·국힘 1곳 우세, 경합 4곳 [방송 3사 출구조사]",Politics
"[현장] ""투표도 안 끝났는데""…출구조사에 굳은 국민의힘, 5분간 침묵만",Politics
"[속보] 교육감선거 진보 9곳·보수 3곳 우세, 경합 4곳…방송3사 출구조사",Politics
"출구조사 나오자 모두 ‘침묵’…얼어붙은 국민의힘, 상황실엔 적막만",Politics
'궤멸적 패배' 위기의 국민의힘…보수 재건 '난망',Politics
"[단독] 최교진 장관 쪽 ""진보 후보 지지 아냐, '승복 모습' 칭찬한 것""",Politics
"與, '11대 1' 출구조사에 환호…전재수에 함성, 김용남엔 탄식",Politics
[6·3 지선] 경기남부 투표소 안팎서 소란·신고 잇따라…폭행 발생도(종합2보),Politics
"[6·3 지선] 김경수, 출구조사 우세에 오른손 불끈…박완수 캠프 침통",Politics
"오세훈 캠프, 출구조사 열세에 침울…상황실 무거운 정적",Politics
"""이젠 신의 영역"" 대구시장 초접전…'광역시 1등' 투표율, 당락 가른다",Politics
이른 아침부터 마감 직전까지…경기 유권자들 투표 열기(종합),Politics
"피말리는 재보선…김용남·유의동·조국 ‘0.8%P 3파전’, 하정우·한동훈 ‘1%P 접전’",Politics
"김진태, 출구조사 '접전'에 술렁 ""첫 번째 기적을 이뤘다""",Politics
부산 북갑 하정우 42.6% vs 한동훈 41.6% ‘초접전’…방송3사 출구조사,Politics
민주 11곳·국힘 1곳·접전 4곳… 시도지사 출구조사,Politics
방송사 출구조사 민주당 압승 예상...충북지사 신용한 1위(종합),Politics
[민심터치] 대통령 곁 지켰던 참모들…이번엔 전면에 섰다,Politics
"민주 서울 등 11곳 우세, 국힘 경북 1곳 우세…부산·대구·강원·전북은 ‘경합’",Politics
하정우 42.6 박민식 15.8 한동훈 41.6…부산북갑 출구조사 ‘박빙’,Politics
[출구조사]김용남 30.3 유의동 30.6 조국 31.1…평택을 재보선 경합,Politics
대구 추경호 49.9% 김부겸 49.1% [방송3사 출구조사],Politics
평택을 김용남 30.3%·유의동 30.6%·조국 31.1%…북갑 하정우 42.6%·한동훈 41.6%,Politics
김부겸 “지금부터 신의 영역” 추경호 “예상대로 초박빙”,Politics
[방송3사 공동 출구조사] 강원도지사 선거 우상호 51.3% 김진태 48.7% 경합,Politics
"방송 3사 출구조사서 민주 11, 국힘 1, 경합 4",Politics
정원오 51.4% 오세훈 46.0%…민주 11 국힘 1 경합 4 [방송3사 출구조사],Politics
"국민의힘, 지방선거 출구조사 결과에 침묵... 장동혁 40분 만에 퇴장",Politics
[뉴스특보] 6시 투표 마감…유권자들의 선택은,Politics
"[자막뉴스] 용지 부족 '속출' ""예상보다 높아서""…""시간 지나도 투표"" 해명 ""말이 되냐""",Politics
한미 핵잠·원자력 협의 일단 속도…美선거 앞둔 시간과의 싸움,Politics
"선거일 막판 '투표지 부족' 논란…국힘 ""대통령 사죄하라""",Politics
"""마지막 기회"" 눈물 유세 통했나…보수 텃밭에 '샤이부겸' 집결",Politics
"JTBC 예측조사서 민주 10, 국힘 1, 경합 5",Politics
"[출구조사] 지상파 출구조사 예측 1위 민주 11, 국힘 1, 접전 4…경기 평택을 3인 혼전, 부산 북갑 2인 접전",Politics
[출구조사]② 조국 31.1%·유의동 30.6%·김용남 30.3%…하정우 42.6%·한동훈 41.6%,Politics
[출구조사]① 민주 11곳·국민의힘 1곳 ‘우세’…4곳 ‘경합’,Politics
정원오 53.5% 오세훈 42.9%…민주10 국힘1 경합5 [JTBC 예측조사],Politics
[메타J] '정당 지지율' 어떻게 변해왔나…선거 흔들 변수는 '무당층',Politics
"[데일리안 오늘뉴스 종합] 장동혁 ""투표 포기는 이재명 재판 지울 기회 주는 것…주권자 힘 보여달라""·경찰 ""대전 한화에어로스페이스 폭발 사고 희생자 5명 신원 모두 확인"" 등",Politics
"[민심 2026] 중앙선관위 ""송파구 일부 투표소 투표용지 부족... 용지 이송 중""",Politics
[민심터치] 개표 전 '치열한' 그곳…JTBC 앵커가 집어준 '관전 포인트',Politics
"‘계엄군’ 김현태, 정작 출마 지역서 본인 표 못 찍어…왜?",Politics
"또 고개 든 '부정선거론'…채팅방에 사진 공유, 재투표 시도도",Politics
BTS 진·배우 진태현도 소중한 '한 표'… 파랑·빨강 없는 무채색 차림,Politics
한미 핵잠·농축 첫 협상 마무리... '핵무기 개발 우려' 일축에 집중,Politics
서울 강남권 투표용지 부족 초유의 사태…국힘 “책임 묻겠다”,Politics
"""오만과 폭정 끝내야""…이 시각 국민의힘 상황실",Politics
"부산 북구 최고, 대구·전북도 역대급 투표율…평택은 예상밖 저조",Politics
성지킴이 후보 소개...현역 재출마 지역,Politics
"[민심 2026] 출구조사, 잠시 뒤 발표...접전지는 새벽 3~4시 윤곽",Politics
“1시간 줄 섰는데 투표 못해... 100명 넘게 대기” 유권자들 항의,Politics
[국민의선택] 단일화 없이 5파전으로…이 시각 경기 평택을,Politics
"6·3 지방선거, '공약의 청구서' 담긴 투표함이 열렸다",Politics
"'분홍 셔츠' 박근혜·'보라색 넥타이' 이명박…""반드시 참여"" 투표 독려",Politics
"""한동훈 당선되면 낮에는 장동혁, 밤에는 한동훈?...국민의힘 내부 균열 가능성 커""[박영환의 시사1번지]",Politics
[격전지/부산] 여의도 정가 '태풍의 눈' 된 부산 북갑…최후의 승자는 누구?,Politics
"홍준표 ""박근혜, 지선 끝나고 비대위원장 하려고 저러나""",Politics
재보선 격전지 '평택을'...5파전 최종 승자는?,Politics
"[뉴스특보] '선택의 날' 석권이냐 뒤집기냐, 여야 지지 호소",Politics
조갑제 “한동훈 당선되면 보수의 챔피언 될 것”,Politics
"홍준표 ""박근혜, 지선 끝나고 '비대위원장'으로 명예회복 노리나""",Politics
“여기가 아니에요?”…3일 본투표 현장 곳곳 혼선 [6·3의 선택],Politics
"""AI무새"" ""구질구질"" ""배신자""…북갑 후보들의 '말말말'",Politics
"""세금 잘 써주길"" 격전지 울산 곳곳 투표 열기…일부 소란도(종합)",Politics
"국힘 ""한국 아닌 수도권 집값이 비싼 것""…李대통령 발언 재반박",Politics
"한미, 핵잠·원자력 안보협의 '타임라인' 조율…이르면 내달 2차회의(종합)",Politics
막판 향하는 6·3 지선…여야 성적표는?,Politics
"조갑제 ""6·3 지방선거로 장동혁 극우파 패배, 한동훈 소생할 것""",Politics
"절차 불만에 욕설, 술 먹고 난동…부산서도 잇따라 소란",Politics
"국힘 대전시당 공천관리위에 현직 언론인 위촉… ""매우 부적절""",Politics
"휠체어 밀고 온 89세 노부부, 발길 돌린 유권자…투표장의 오후 풍경",Politics
[민심캔버스] 재보궐 - 부산 북구 갑,Politics
"[6·3 지선] 산넘고 물건너, 10대부터 110세 할머니까지 ""소중한 한표""",Politics
"이재명 대통령 ""정치를 포기한 결과는 가장 저질스런 인간에게 지배당하는 것..특정 후보나 진영 유리하게 하는 선거운동일 수 없어""",Politics
"6·3 지방선거, 여야 정치평론가 전망은? ""14:1:1 혹은 15:1"" VS ""8:7:1"" [박영환의 시사1번지]",Politics
"높은 투표율 누가 유리?... 민주당 ""딱 한 표 부족""-국힘 ""심판 민심 폭발""",Politics
"막판까지 투표 독려...민주 ""일꾼"" VS 국힘 ""심판""",Politics
"이재명 대통령, 선거개입 비판에 ""착하게 살라는 게 누굴 음해하는 거냐""",Politics
송언석 “윗물 맑아야 아랫물 맑아”...세종시 소동에 李 대통령 비판,Politics
역대 최고 지선 투표율에…여야 모두 “우리가 유리”,Politics
"조갑제의 예측 ""장동혁 극우파의 패배, 이재명 민주당의 상처입은 승리, 한동훈 재건파의 소생""",Politics
손털기 논란부터 서소문 고가 붕괴까지…지방선거 뒤흔든 10개의 장면,Politics
인천 계양을 김현태 자신에 투표 못한다…주소지 봤더니,Politics
"[6·3 지선] ""지역 발전시킬 후보에 한 표""…울산 투표소에 유권자 발길(종합)",Politics
"""잘못 찍었다"" ""나도 보여주겠다"" 일부 소동…한 표 후 나들이(종합)",Politics
KDI “대통령제가 의원내각제보다 장기 소득성장에 유리… 4년 중임제·상향식 공천 의무화해야”,Politics
"[자막뉴스] ""저질 눈에는 저질만 보이는 모양"" 이 대통령 공개저격한 국민의힘",Politics
정청래 ‘영남 3곳+나머지 싹쓸이’하면 연임 탄력…관건은 전북,Politics
"李대통령 “대한민국 집값, 부동산값 비싸도 너무 비싸”",Politics
이 대통령 “정치를 외면한 가장 큰 대가는 가장 저질스러운 인간들에게 지배당하는 것”[6·3 지방선거],Politics
"“소중한 한 표” 충청권, 이른 아침부터 유권자 발길 이어져",Politics
3시간 남기고 이미 4년前 지선 총투표율 넘었다…마의 60%벽도 깰 듯(상보),Politics
제주 오후 3시 투표율 49.4%… “투표용지 더 왔다” 소란도,Politics
'스벅논란' '안전사고'…투표 마친 시민들이 꼽은 막판 변수는?,Politics
"이 대통령 “플라톤 말대로, 저질들에 지배당하지 않기 위해 투표하셨나요”",Politics
"장동혁, 이 대통령에 ""저질 눈엔 저질만 보여"" 주장… 보수유튜브 연달아 방문",Politics
"[6·3 지선] 여야, 높은 투표율에 촉각…""내란종식 열망""·""보수 결집""",Politics
"대구 역대 최고 투표율…'깜짝' 놀란 여야 모두 ""우리에게 유리""",Politics
오후 3시 기준 전국 투표율 51.9%…강원 최고 57.2%,Politics
"홍준표 ""박근혜, 비대위원장 하려고 전국 도나…왜 저러는지 이해안돼""",Politics
"[르포]""답답해서 13년만에 첫 투표했다""…새벽부터 뜨거운 투표 열기",Politics
李 “저질들에게 지배당하지 않기 위해 투표 하셨나” [6·3의 선택],Politics
4년 전 최종 투표율 이미 넘었다…“이 추세면 60%대 돌파”,Politics
"李 ""투표 독려를 정치중립의무 위반이라 하면 어머니 찾아가 의논해 봐라""",Politics
[민심캔버스] 재보궐 - 경기 하남 갑,Politics
마지막까지 발로 뛴 박형준…'젊은 층' 만나 지지 호소,Politics
"[자막뉴스] 은근슬쩍 줄 섰더니 ""투표지 또 줬다!""…투표소 '변칙 운영'에 중복 수령 '발칵'",Politics
부산 북갑·경기 평택을 단일화 없었다…‘대권 잠룡’ 운명은,Politics
재보궐 격전지 '평택을'...5파전 최종 승자는?,Politics
조국·한동훈 잠룡들 운명의 날…여의도 입성 땐 정치 지형 흔들릴 듯,Politics
"李대통령, ‘투표 독려’ SNS 비판한 野 향해 “어머니와 도덕적 판단 기준 논의를”",Politics
"본투표한 장동혁 ""투표하면 이긴다""…MB·박근혜도 본투표(종합2보)",Politics
"李 대통령, '중립 의무' 비판한 野 겨냥... ""도둑도 도둑질 나쁘단 말엔 화 안 내""",Politics
김부겸 “더 참지 말고 대구 바꾸자” 추경호 “경제는 정치꾼이 하는 것 아냐”,Politics
오후 2시 기준 전국 투표율 48.9%…강원 최고 54.5%,Politics
"""나쁜 사람 아니고서야""…이 대통령, '투표 독려' 野 비판 반박",Politics
단일화는 없었다 '5파전' 마무리…이 시각 경기 평택을,Politics
"장동혁, '반 이재명' 정서 자극…""본투표율 높으면 유리"" 기대",Politics
[2026 지선] 오늘 6·3 선거…서울·대구·부산·전북이 승패 가른다,Politics
"李대통령 ""도둑도 도둑질 나쁘단 말엔 표시 안해""…선거개입 비판 일축",Politics
[2026 지선] '역대급 투표율' 예상…여야 계산법 제각각,Politics
이 대통령 '최악 저질들' 발언에…국민의힘 “노골적인 선거 개입”,Politics
[민심캔버스] 흔들리는 텃밭 - 부산,Politics
유인태 “김관영 강세는 정청래 처신 문제…연임 포기해야”,Politics
“장동혁 패배·이재명 상처입은 승리·한동훈 소생”…조갑제 예상 선거 결과가,Politics
"""떡볶이 사진이 왜 파랗지"" 투표 인증샷이 빨강·파랑 두 장인 이유 보니",Politics
"조갑제 ""李 상처 입은 승리…한동훈 소생, 장동혁 극우파 패배""",Politics
"선거 종료까지 4시간...""내란 심판"" vs ""정권 견제"" 민심 향배는?",Politics
"""후보 잘못 찍었다"" 투표지 찢고 가져가려다 제지당하자",Politics
[민심캔버스] 흔들리는 텃밭 - 대구,Politics
“투표용지에 이미 찍혀 있다” 소리 지른 여성… 선거 관련 112신고 6시간 213건,Politics
"북한, 주한미사령관 ‘단검’ 발언에 “한국을 대중국 억제에 써먹어” 비판",Politics
핵잠 '韓서 건조·연료 美서 수입' 청사진 그려도…각론은 '장기전',Politics
"""내가 원하는 후보가 됐으면""…차분한 분위기 속 점심투표 나선 유권자들",Politics
"조갑제 ""부울경 지면 순전히 장동혁 책임""",Politics
"李 ""최악의 저질에게 지배"" 글에…장동혁 ""수준 낮아, C급 D급 글을 올려""",Politics
"[속보]조갑제 “장동혁패배, 李상처승리, 한동훈소생”",Politics
"[6·3 지선] 국힘, 李대통령 '최악 저질들' SNS에 ""이래서 투표해야""(종합)",Politics
'잠룡들의 승천'이냐 추락이냐..정치생명 건 '운명의날'에 극한 초조감,Politics
막 오른 여야 '운명의 날'...유권자 표심 어디로?,Politics
"北, 시진핑 방북설 속 中 두둔 나서…주한미군 '단검론'에 발끈",Politics
전은수 '10초 쇼츠'·하정우 '수첩'·김남준 '현장'…청와대 3인방 운명은,Politics
"김부겸 ""대구 정치 벌써 바뀌고 있다…운명 선택할 마지막 기회""",Politics
[자막뉴스] 부산시장 놓고 치열한 혈투...'젊은 표심' 향했던 곳은?,Politics
조갑제 “국민의힘은 민주당 2중대…극우심판 선거 될 것”,Politics
[자막뉴스] '보수 최후의 보루'...대구의 표심 어디로?,Politics
'5파전 격전지' 평택을...한 끗 차이로 승부 갈린다,Politics
"'투표' 박근혜, 보수통합 묻자 ""그냥 가겠다""…'붉은 넥타이' MB도 한표 행사",Politics
오후 12시 기준 전국 투표율 19.0%…대구 최고 23.7%,Politics
분홍 셔츠 朴·붉은 넥타이 MB… 전직 대통령도 ‘소중한 한 표’,Politics
“지역 살릴 일꾼을 내 손으로…” 전북 557개 투표소에도 유권자 발길 줄이어 [6·3의 선택],Politics
"""여기 투표소 맞나요?""… 빵 냄새 솔솔, 땀 냄새 폴폴, '이색 투표소' 눈길",Politics
"“美, 한국 도구로 써먹어” 브런슨 ‘단검’ 발언 파고드는 北",Politics
조국·김관영 살아 돌아오면?‥정청래 '시험대',Politics
곳곳에 뿌린 '윤어게인' 씨앗‥결국 국회 입성?,Politics
원내 입성 통해 '양당' 정조준…한동훈·조국 '운명의 승부'[2026 지선],Politics
"투표 종료까지 6시간...""내란 심판 vs 정권 견제"" 민심의 향배는?",Politics
오전 11시 기준 전국 투표율 16.8%…대구 최고 21.3%,Politics
"투표소까지 번진 '대통령 투표지' 논란… ""왜 안 되나"" 항의한 40대",Politics
"조국, 당선 땐 초선일까 재선일까…국회도 “전례 없는 일”",Politics
"“전국 돈 박근혜, 지선 뒤 비대위원장 하려나” 홍준표의 분석",Politics
"""열심히 할 사람 뽑고 놀러 가자""…아들딸 손잡고 한 표 행렬",Politics
[6·3 지선] '靑 7인방' 성적표 주목…'당청 가교·국정 탄력' 바로미터,Politics
“대통령도 보여줬는데 난 왜 안 돼” 투표용지 들고 항의한 40대,Politics
정청래 “1표차 승패 갈린 사례 13번”…장동혁 “이재명 오만 심판”,Politics
"오세훈, 李 SNS에 ""이래서 투표해야""…장동혁 ""저질 눈에 저질만""",Politics
"""후보자 본인은 모르나..."" 어정쩡한 찬조연설의 이유",Politics
“이승만 시절부터 안빠지고 투표”…110세 할머니 꼭 투표하는 이유 듣고 ‘끄덕’,Politics
"""투표용지 찍어줘"" 소란에 차량 이송 제보까지…투표소 곳곳 긴장(종합)",Politics
"전현희 ""정청래, 조국·김관영 제거에 사활?...그렇게 생각 안 해, 당 사정 모르고 하는 말""[여의도 진검승부]",Politics
"“대통령도 이렇게 하지 않았느냐, 제대로 기표했는지 나도 확인해 달라“…기표 후 투표용지 공개하려다 제지",Politics
유권자들이 말한 선택 기준…민심 들어보니,Politics
[뉴스특보] 석권이냐 뒤집기냐 '선택의 날'…자정쯤 윤곽,Politics
"장동혁, 李 '최악의 저질' 글에 ""플라톤도 무덤서 뛰쳐나올 듯""",Politics
"[6·3 픽] 장동혁 ""투표 포기는 이재명 재판 지울 기회 주는 것…주권자 힘 보여달라""",Politics
대구 '역대급' 투표 레이스...숨은 진보? 정통 보수? 누가 결집하나,Politics
"장동혁 “이재명, 검찰에 ‘알아서 재판 취소하라’ 노골적 겁박...최악의 오만”",Politics
MB·박근혜에 장동혁도 본투표…“투표하면 바뀐다” 막판 호소,Politics
출구조사는 먼저 나온다…이번엔 끝까지 봐야 한다,Politics
고공행진 대통령 지지율의 파급 효과,Politics
"""대통령은 되고, 왜 난 안돼""…세종서 투표용지 보여주려다 퇴장",Politics
"[人사이더] 지역일꾼 4227명 판가름… 지방선거, 이렇게 하세요",Politics
"김재원 ""2찍 동네, 대구가 대구한다?...지역비하, 그러니까 우리가 이기는 것, '땡큐'""[여의도 진검승부]",Politics
"장동혁 ""李, 누구도 나를 건드리지 못한다는 극단적 오만""",Politics
"지방선거 최대 승부처 ‘보수의 심장’ 대구, 투표소마다 긴 줄···시장 당선인 전망 ‘팽팽’ [6·3 지방선거]",Politics
장동혁 운명의 날…'어게인 2018' 피할 승패 기준은?,Politics
이승만 시절부터 한 번도 거른적 없다...110세 어르신의 한표,Politics
다친 다리 이끌고 '2시간'…'육지 속 섬마을' 주민도 투표,Politics
무주공산에 도전장 내민 8명...민심의 선택은?,Politics
"홍준표 “박근혜, 지선 뒤 비대위원장 하려 저러나…그 생각도 해봐”",Politics
재보궐 이후 의석 현황2 (영호남 제주),Politics
"[단독] 고양 일산서구 69개 투표소, 국힘 참관인 ‘0명’으로 운영",Politics
김용남·유의동·조국 마지막 지지 호소… “평택은 이제 정치 1번지”,Politics
"""이재명 정부 1년 성적표""…한국 지방선거에 외신도 촉각",Politics
"李 ""최악 저질에 지배 안 당해야""…정성호 ""나쁜 일꾼 안 돼""",Politics
"장동혁 ""투표하면 바꿀 수 있다""…김문수·MB도 본투표 참여(종합)",Politics
"北, 주한미사령관 '단검' 발언에 ""韓을 대중국 억제에 써"" 반발",Politics
투표용지 든 40대男 “대통령처럼 제대로 기표했는지 확인해달라” 소동,Politics
"장동혁 ""본인 재판 없애란 '노골적 겁박'…국민이 막아달라""",Politics
"""대통령도 했잖아, 나도 확인해줘"" 기표한 투표용지 보여주려던 40대 퇴장 명령",Politics
"'자사주 부자' 신영증권, 1조원어치 소각하고 나눠준다",Economy
“삼전닉스 놓쳤다면 이 종목” … 1년새 180% 뛴 ‘반도체 설거지’ 기업 [반도체플러스],Economy
"7달 만에 2번째 깐부 회동, 한국과 AI 동맹 노리나? [이브닝 브리핑]",Economy
삼성·닉스 쉬어가자 소외주 볕 들었다…非AI·코스닥주 반등,Economy
"‘삼전닉스’ 쉼없이 팔더니, ‘뉴 깐부’ 종목 폭풍 매수…외국인 투자 종목 살펴보니 [투자360]",Economy
테슬라 모델Y의 질주…쏘렌토 넘어 韓 판매 1위,Economy
일반주주 동의 없는 주식교환 괜찮나…신세계푸드 사례가 던진 질문,Economy
"체급 달라진 韓증시…""상법개정이 일등공신""",Economy
[코인뉴스] 비트코인 6만 달러 방어전…시장 촉각,Economy
"'국민연금 vs 이재용 회장' 손배소 1심…法 ""청구 원인 정리해야""",Economy
AI 열풍의 역설...역대급 스마트폰 시장 '혹한기' 온다,Economy
"""이번엔 어떤 '소맥' 마실까""…젠슨 황 방한에 주류업계 들썩",Economy
홈플러스 37개 점포 결국 폐점…희망퇴직금도 남의나라 얘기,Economy
'칩' 대신 '공' 잡고… 젠슨황 잠실 뜬다,Economy
“주식으로 좀 벌어서 하나 샀어”…명품 매장 불티나자 백화점주 ‘신고가’,Economy
"""더존·리멤버, AI發 산업재편 승자될 것""",Economy
"""韓과 할 일 정말 많다""..젠슨 황과 K제조업, '우정'이 '동맹'으로",Economy
[질문에 답하다] 오세훈 연임에 정비조합 반색… 재건축 속도 더 붙을까,Economy
"[퇴근길머니] 관세·중동 악재에 코스피 '숨고르기'…환율 1,530원 돌파",Economy
"삼성전자 초기업노조, 과반 지위 상실…1.8만명 '썰물'",Economy
총수 회동부터 예능까지…젠슨 황 3박4일 '광폭행보',Economy
"'브로드컴 충격·금리인상 공포'에 흔들…닛케이, 1.36%↓[Asia마감]",Economy
"코레이트, 쿠팡 품은 '서오산 물류센터' 매물로…실수요자 '눈독'",Economy
"김정수 삼양식품 회장, 아들 전병우 전무에 주식 17만주 증여",Economy
"국민연금 '삼성 합병 손배소' 2차 변론…""청구 원인 정리해야"" 지적",Economy
"LG이노텍, '알짜' 반도체기판 2배 키운다",Economy
외국인 지분 51% 넘은 KT&G…美 퍼스트이글도 5% 주주로,Economy
"""떨어질 재료가 없다""…악재 겹치며 환율 1530원 재돌파",Economy
"""젠슨 황 믿고 들어갔는데""⋯방한 기대주 줄줄이 급락, 개미들 '패닉'",Economy
"특고·플랫폼노동 최저임금 적용 노사 공방…""불가피"" vs ""불가능""",Economy
"홈플러스, ‘돌연 휴점’ 점포 37곳 결국 폐점",Economy
"브라질, 원유 30% 증산…세계 5위 산유국 도약 예고",Economy
"7개월 만에 다시 방한한 젠슨 황, 국내 기업이 챙길 실속은",Economy
"30년 농약사업 접는다…OCI홀딩스, 베트남 사업 태양광 중심 재편[only 이데일리]",Economy
코스피 유가·금리·환율 ‘삼중고’에 8600선 후퇴,Economy
"[자막뉴스] 결국 '과반 저지선' 뚫린 노조…""DS 들러리 싫다"" 초고속 탈퇴 행렬",Economy
“반도체 공급 부족 오래 간다”…자신감 넘치는 TSMC,Economy
"'불장' 환호 뒤에 ""곧 떨어진다"" 22조 베팅…공매도 몰린 종목은?",Economy
외국인 19거래일째 ‘삼전·닉스’ 55조 팔아…환율 급등 원인으로,Economy
"'매도 폭탄' 당장은 피했지만...국장 비중 30% 국민연금, 쿨링다운 나설까",Economy
코스피 주춤하자 6거래일만 반등…소외됐던 코스닥에 볕드나(종합),Economy
내일부터 '젠슨 황' 데이…관련주 단기 변동성 주목,Economy
“AI 혈관은 광(光)통신…100년 표준 구리선 한계 왔다”,Economy
"[투자 노하우] 달러·원환율, 13.3원 오른 1529.7원 마감…중동 영향",Economy
“월드컵 보는 줄”…초접전 개표에 ‘이것’ 매출 급증,Economy
"""라이더도 최저임금 달라""…성과급 가더니 도급제 '임금 폭탄'",Economy
석유 이어 전력시장도 가격상한제?… 김성환 “발전사 초과이익 막겠다”,Economy
원·달러 1530원···‘3고’ 고통도 자영업자·서민에 쏠린 양극화,Economy
여신협회장 두번째 '민간 출신' 낙점…협회 수장 'KB 출신' 약진(종합),Economy
차기 여신협회장에 '非관료' 이동철…보험 유관기관장 바로미터될까(종합),Economy
"홈플러스, 휴업 37개점 결국 문닫는다",Economy
"삼성전자 교섭 주도한 초기업노조, 1.8만명 탈퇴 러시…과반 지지선 무너졌다",Economy
[民출신 여신협회장 시대]① 낙하산 끊었지만…이동철의 무거운 어깨,Economy
"""페이커!"" 외쳤던 젠슨 황, 방한 중 이상혁도 만난다",Economy
야당 당선에 힘 빠지나…기업은행 대구 이전 향방은,Economy
"신영증권, 발행주식 32% 자사주 소각…주당 배당금 7500원",Economy
왜 원화만 유독 약할까…유가·외국인 매도세·관세 '삼중 압박',Economy
현대모비스 구조조정 갈등 지속…본사 사무직 반발에 국제 공방까지,Economy
"“그러게, 욕심이 과했어”…메모리 독식 성과급에 삼전 최대 노조 과반지위 상실",Economy
지난해 코스피 상장사 현금배당 52.8조…역대 최대,Economy
"최태원, 대만서 글로벌 IT 거두들과 연쇄 회동…AI 주도권 쥔다",Economy
"한달새 40% 오른 삼성그룹 ETF, 자금은 덜 오른 '여기' 몰렸다",Economy
코스피 쉬어가자 소부장에 돈 몰려…코스닥 2%대 상승 마감,Economy
"카카오 노조 ""엔터프라이즈 임단협 결렬은 경영진 회피 탓""",Economy
삼성전자 최대노조서 1만 8천 명 이탈…과반노조 지위 상실,Economy
"젠슨 황, 내일 오후 방한 ""서울 종횡무진""…'2차 깐부회동' 성수·홍대·힙지로 어디?",Economy
"외인이 내다판 '100조'...""개미가 다 떠안아"" 우려 커진다",Economy
"2770.84→'8639.41'…이재명 대통령 취임 1년, 코스피 '212%' 뛰었다",Economy
"""진짜 1만피 가나요?""…증시 파격 전망에 개미들 3가지 의문",Economy
"주주환원나선 신영증권, 1조 자사주 소각하고 배당도 확대",Economy
'1500원대 환율' 이어지자 달러보험 인기 시들,Economy
"[애프터마켓 브리핑] 코스닥, 엿새만에 상승…활성화 대책 주목",Economy
"코스피 8,600선 후퇴...환율 장중 1,530원 넘어",Economy
"""HBM 가격 또 오른다""...삼성·하이닉스 '슈퍼호황' 예고",Economy
"'KB맨' 이동철, 여신금융협회장 내정…산적한 과제 속 민간리더십 시험대",Economy
'핵잠 논의 본격화·캐나다 60조 수주전'…K잠수함 위상 커진다,Economy
"현대차 노조 “AI 도입, 노동자 대체 수단 안돼”",Economy
"삼양식품 김정수 회장, 자녀에 대출 800억원·주식 20만주 증여",Economy
젠슨 황 만나는 기업들도 주가 떨어졌다…환율 1530원 직전,Economy
본 사업 보다 주식 투자가 낫네...코스피 랠리에 웃는 중소·중견기업,Economy
'1만피' 장밋빛 전망에도 곱버스 타는 개미들…기관·외국은 순매도,Economy
"신세계푸드 주주들, 대주주 뺀 '소액주주 다수결' 던졌다",Economy
"환율, 두 달여 만에 1,530원대…외국인 매도 속 고공행진(종합)",Economy
"SK온 '그리드온', 美 ESS 승부수…""이상징후 30분 먼저 감지""",Economy
"""단순 실수도 과태료 500만원?""…국토부, '허위·미끼매물' 중개 광고 기준 정비",Economy
DX·비메모리 이탈에…삼성 초기업노조 과반지위 상실,Economy
"한화오션, 정부·군 수뇌부 지원 사격… CPSP 수주 총력전",Economy
"삼성전자 초기업노조, 과반노조 지위 상실…성과급 갈등에 조합원 이탈",Economy
"""반도체 덕에 호황"" 백화점株, 명품 매출 확대 속 '신고가'(종합)",Economy
"거꾸로 가는 코스닥, 1000선 방어 안간힘…코스피 디커플링 '왜'",Economy
[오늘증시] 코스피 외인 매도에 8630선 후퇴…코스닥은 2%대 상승,Economy
외국인 지분 51% 넘은 KT&G… 블랙록 이어 美 퍼스트이글도 5% 주주로,Economy
“스타벅스 불매한다” 이 말 진짜였네…‘탱크데이’ 논란 후 매출 100억 줄었다,Economy
"전기요금, 지역별로 달라지나…김성환 ""차등요금제 곧 공개""",Economy
삼성전자 '과반 노조' 무너졌다…성과급 후폭풍에 '탈주',Economy
“불장에 마통을 왜 갚아요”…가계대출 새 뇌관에 금융당국 고심,Economy
스페이스X 글로벌 자금 '블랙홀'…상장 이후 코스피로 유턴 가능성,Economy
"한투운용, 스페이스X IPO 참여…“우주 ETF·펀드에 즉시 편입”",Economy
"최태원 SK 회장, 젠슨 황 이어 대만 TSMC·폭스콘 수장과 릴레이 회동…'AI 동맹' 광폭 행보",Economy
"고삐 풀린 환율, 1540원 육박…금융위기 이후 최고",Economy
"7개월만에 한국 찾는 젠슨 황, 삼겹살 회동·프로야구 시구 예고",Economy
"""온다 온다 7년째""…지방 혁신도시 마이너스 프리미엄 속출[부동산AtoZ]",Economy
[속보] 삼성전자 최대 노조서 1만8000명 이탈했다…‘과반노조’ 지위 상실,Economy
"AI 반도체 붐에 기판도 공급난…K-기판, 잇달아 증설 나선다",Economy
"캐나다, 넷플릭스 겨냥 OTT 규제 철회…트럼프 압박에 물러섰나",Economy
짙어진 금리 인상 시나리오… 'PF' 정리 남은 2금융권 긴장감↑,Economy
"아이엠티 ""HBM 세정장비 삼성전자에 공급 추진""",Economy
[마켓인]보험사 M&A 깜짝 흥행 예고…원매자별 셈법 보니,Economy
"셀트리온, 1000억원 규모 자사주 소각 완료…연내 주주환원 2조원 추진",Economy
김성환 “전기요금 인상 단계 아냐…SMP·LNG 사후 정산제 검토”,Economy
"""택배·배달기사도 최저임금"" VS ""최임위 권한 밖""…3차 최임위 노사 공방",Economy
‘1만피’ 기대에 빚투 열기도 최고조…신용잔고 40兆 시대 눈앞,Economy
"미지정 회계사 끌어안는 회계법인…전문가들 ""미봉책, 선발 축소 뒤따라야""",Economy
17년 만에 1530원 뚫렸다…'고환율 뉴노멀' 우려 확산,Economy
"홈플러스, ‘영업 중단’ 37개 점포 결국 폐점…3500여명 고용 불안",Economy
'탱크데이' 후폭풍 끝났나?…신세계 주가 불기둥,Economy
"'상장 1년' 달바글로벌, 자사주·배당 카드…20만원선 회복할까",Economy
"연간 1조 원 조달하는데…오뚜기, 감시기구 없는 이유",Economy
젠슨 황 효과 끝났나…기대감에 뛰었던 LG·SKT·두산株 '와르르'(종합),Economy
"대형마트, 또 일요일에 못 가나...여권 교체 지자체 '긴장'",Economy
코인 거래 넘어 투자상품까지… 한투·OKX 손잡은 코인원,Economy
"삼성중공업, 4조원대 美 FLNG 수주 소식에 주가 '우상향' [주가동향]",Economy
"'젠슨 황' 방한 D-1, 외국인 '깐부株' 줄줄이 매각 (종합)",Economy
'희귀질환藥' 꼬리표 떼는 RNA치료제…적응증 확장 본격화에 존재감↑,Economy
선거 끝나자 분양 큰장…6월 4만가구 쏟아진다,Economy
"[르포] 아모레·LG생건 짐싸고, 고기 매대엔 도마만…에어컨마저 꺼진 홈플 ‘청산 공포’",Economy
"TSMC 회장, ‘향후 수년간 TSMC 성장 확신’",Economy
기존 호황에 AI 더했다…K-조선 '슈퍼사이클 시즌2' 기대감,Economy
스페이스X 상장 임박…주목받는 韓 태양광,Economy
"엘앤에프플러스, 국민성장펀드서 '2200억' 지원 확정…LFP 양극재 양산 본격화",Economy
삼성전자 최대노조서 1만8천명 이탈…과반노조 지위 상실,Economy
"코스피, '역대 두번째' 외인 순매도에 8,630선 후퇴…코스닥 2%대↑(종합)",Economy
"""정부가 3000억 건 백신""…21가 폐렴구균 백신에 쏠리는 기대감",Economy
"김성환 기후장관 ""지역별 전기요금 곧 공개..산업용 요금 하향해야""",Economy
"상장 후 32% 빠진 케이뱅크, 보호예수 1차 해제 'D-1'",Economy
"KODEX 200, 순자산 30조원 돌파…국내 ETF 최초",Economy
여신금융협회장에 이동철 전 KB금융 부회장 내정,Economy
젠슨 황 5일 방한…'삼겹살 회동' 이어 판교행 전망,Economy
K증시 전 세계 13위에서 6위로…1년새 코스피 앞자리 6번 바뀌었다,Economy
배달라이더 최저임금 본격 심의…노사 정면충돌,Economy
"""겁없는 개미, 다 받아내"" 외인 7조 매도폭탄 '방어'...빚투 눈덩이",Economy
"'첨단 반도체 기판' 삼성전기, 삼전닉스 제치고 검색 1위로 [빅데이터로 본 재테크]",Economy
"오세훈 재선에 정비사업 기대감↑…""집값 변수는 결국 정부 정책""",Economy
"AI 시대 최대 자금 블랙홀…스페이스X, 코스피 자금도 빨아들이나",Economy
"외국인 7조 폭탄에 코스피 털썩…환율 1,530원",Economy
"신영증권, 1兆 자사주 소각 결정…'주주환원' 보폭 넓힌다",Economy
"삼성물산, 신고가 새로 쓰고 10% 급등 마감[핫스탁](종합)",Economy
[마켓뷰] ‘삼전닉스’ 쉬어가자… 차익실현·순환매 나타난 증시,Economy
스페이스X 국내 공모 물건너갔다… 사모방식 유력,Economy
반도체 소부장 강세에 모처럼 웃은 코스닥…코스피는 숨고르기,Economy
코스맥스 신용등급 상향… 공모채 시장 등판 가능성 주목,Economy
"코스피, 외인 7조 순매도에 1.8% 하락…코스닥은↑[마감]",Economy
외인 7조 던졌다…코스피 1.8% 하락에 환율도 1530원 목전,Economy
"김성환 장관 ""국제 경쟁 위해 산업용 전기요금 하향 안정화해야""",Economy
"“무주택자 기회라더니”…42억 반포 아파트, 85억에 팔린 이유",Economy
"코인원 ""종합 금융사로 도약""…한투·OKX와 4각 동맹 출범 [현장+]",Economy
"인터엑스 싱장 예심…기존 투자자 ""공모 분위기 좋아 구주 안판다""",Economy
"[단독]HD현대重 ""4대 보험 미가입 하청 직원, 출입 금지"" 초강수",Economy
'외부출자·해외투자 족쇄' 풀리나…잠잠했던 CVC 설립 다시 꿈틀,Economy
"김성환 기후장관 ""전기차 보조금 추가배정 추진…전기료 인상 상황 아냐""",Economy
김성환 “中과 경쟁하려면 산업용 전기요금 내려야”,Economy
"교보생명, 불어난 해약환급금준비금 1.8조…기본자본에 미칠 파장",Economy
'삼전닉스' 쉬어가자 '드디어 기회왔다'…소부장 20% 날았다,Economy
"코스피, 삼전·SK하닉 숨고르기에 8630선 후퇴…삼성물산 10%↑",Economy
"기후장관 ""산업 전기요금 하향 필요…지역별 요금제 곧 공개""",Economy
"기후장관 ""산업용 전기요금 부담 낮출 것""…LNG 급등엔 '폭리 방지'""",Economy
한투·OKX·컴투스·코인원 ‘4자 동맹’…“제도권+디지털자산 묶는 허브 구축“,Economy
“고유가도 벅찬데 환율 1530원 시대는 또 처음”…금융위기급 악재에 우는 항공업계,Economy
신영증권 자사주 526만주 소각…배당금도 50% 올렸다,Economy
젠슨 황 내일 전세기로 김포공항 입국…삼겹살 회동에 시구까지,Economy
"美 행동주의 펀드 달튼, 슈프리마 주요주주 등극…주주활동 나서나",Economy
外人 '셀코리아' 언제 멈추나…코스피서 19일째 '팔자'에 66조 순매도(종합),Economy
코스피 상장사 지난해 배당금 52.8조원 ‘역대 최대’ [투자360],Economy
“침체 길어지면서 장기 투자자도 팔았다”…앞으로도 계속?,Economy
홈플러스 휴업 37개점 ‘폐점’ 결정…근무 인원만 3500명,Economy
"덴마크, 40년 만에 SMR 도입 추진한다",Economy
외인 매도 폭탄에 주저앉은 코스피…코스닥은 6거래일만 반등,Economy
'5선 성공' 오세훈 테마주 일제히 강세…진양화학 '상한가'(종합),Economy
"""한 푼도 못받고 나가나"" 홈플러스 37곳 폐점 통보..직원 3500명 운명은?",Economy
"엔비디아·TSMC 이어 폭스콘까지…최태원 회장, 대만서 'AI 동맹' 광폭 행보",Economy
찬밥 신세였는데…예별손보·KDB생명 인수전 왜 불 붙었나,Economy
美 석유재고 22년만에 최저…유가 상승 뇌관,Economy
지인 명의로 농지 구입해 수억원 차익…양도소득세 나오자 잠적,Economy
두 달 만에 1530원 뚫은 환율…당국 구두개입에 1529.7원 마감(종합2보),Economy
6.3 지방선거 최대 승부처 ‘서울 시장’ 선거…부동산 민심이 갈랐다,Economy
“스페이스X 상장 전 이것 사라”…6월말 돈 버는 단타 종목,Economy
“적당히들 하입시다”…BTS도 지적한 ‘숙박 갑질’ 손 본다,Economy
6월은 해외자산 신고의 달…5억 초과 해외계좌 신고 필수,Economy
중국 자본 논란에 멈춘 이지스 M&A…칼라일·태광 다시 나오나,Economy
"SK실트론 매각 협상 장기화 왜…""반도체 호황에 달라진 몸값이 변수""",Economy
"브룩필드, 2030년까지 한국 AUM 최대 30조 원까지 늘린다",Economy
압구정·성수 삼킨 현대·GS…상반기 15조 ‘양강 체제’ 굳혔다,Economy
"이동철 전 국민카드 대표, 차기 여신협회장 최종 후보로 낙점",Economy
“전자파 무서워” vs “법 지켜도 막막”…주민 반발에 갈 곳 잃은 데이터센터 [안다솜의 家봄],Economy
최저임금위 3차 전원회의...“플랫폼 노동자 보호해야” vs “법적 근거·현실성 부족”,Economy
오리온 노조 오늘부터 부분파업…업계 최고 연봉에도 갈등 왜?,Economy
"홈플러스, 휴업 37개점 문 닫는다…희망퇴직 실시",Economy
"홈플러스 불똥…LG전자, 베스트샵 빼고 '직접 운영' 총대",Economy
AI까지 동원한 보험사기 횡행 지적에…금융당국 칼 빼들었다,Economy
스벅 '부활'에 셈법 복잡해진 신한카드…제휴카드 출시 '촉각',Economy
"티빙, 합병 공전 속 정보 유출까지 '첩첩산중'…돌파구 찾을까",Economy
젠슨 황 방한에 게임株 수혜…엔씨·크래프톤 주목,Economy
"서울 전세, 빌라마저 올랐다…15년 만에 최대 상승률 [부동산360]",Economy
"국세청 칼 빼들자 슈퍼카 시장 '흔들'…""법인차 수요 급제동""",Economy
원달러 환율 13.3원 오른 1529.7원 마감... 튀르키예 리라보다 더 약세,Economy
"오스코텍, '조기 LO모델' 유지…'항내성·섬유화'로 재편 [현장+]",Economy
"팀코리아, 4조원 규모 美 루이지애나 FLNG 해양플랜트 수주",Economy
"가온전선, 美 데이터센터 전력망에 ‘송전용 케이블’ 첫 공급",Economy
"홈플러스 노조 ""점포 마구잡이 폐점…유암코 개입 약속 이행해야""",Economy
"LG이노텍, 베트남 반도체기판 공장 증설…3조 사업 키운다",Economy
"'탱크데이' 후폭풍 끝?… 스타벅스, '카톡 선물하기' 1위 탈환",Economy
"'황제주' LG이노텍·삼성전기, 베트남 반도체 기판 증설 투자 속도",Economy
"모건스탠리 ""메모리 병목, '칩플레이션' 야기""",Economy
AI 심장부 찾은 최태원…젠슨 황·TSMC·폭스콘 연쇄 회동,Economy
선거 뒤흔든 부동산…매매·전월세난에 집주인도 임차인도 여당 견제,Economy
반도체 동맹 직접 챙기는 최태원…폭스콘 류양웨이 회장과도 회동,Economy
‘젠슨 황 효과’ 이번엔 삼겹살·소주?…유통업계 기대감 고조,Economy
“주담대 막히면 사업자대출로”…집 살 때 이런 말 못한다는데,Economy
BTS특수 악용 '숙박갑질' 차단…요금인상 노린 취소는 2배 배상(종합),Economy
"SK온, 美서 차세대 ESS ‘그리드온 Gen2’ 처음 선봬",Economy
엔비디아 젠슨 황 CEO 오늘 방한... 국내 기업 총수들과 연쇄 회동,Economy
"[단독] 삼성 패키징 개발직 ""강제 전배로 불이익""...조직 복귀 요구",Economy
"환율 장중 1,530원 넘어‥코스피 하락",Economy
"‘성과급 후폭풍’ 삼성전자 초기업 노조, 과반 노조 지위 상실",Economy
"젠슨 황, '로봇 강자' 두산도 찾아...피지컬 AI 협력할 듯",Economy
"공정위 ""넥스트레이드 기술 탈취는 없었다""",Economy
"최태원 SK 회장, 대만서 광폭 행보... 폭스콘 회장까지 만났다",Economy
"넥스트레이드, 기술 탈취 의혹 벗었다…조각투자 거래소 4분기 개설 속도",Economy
"LGD, 게이밍 OLED 초격차 확대…글로벌 고객사에 차세대 기술 공개",Economy
스타벅스 결제금액 더 줄었다…'탱크데이' 논란 후 2주간 107억 감소,Economy
"낡은 것은 죽고, 새것은 오지 않은 ‘괴물들의 시대’…포퓰리즘이 그 틈을 파고들었다”",Economy
"코스피 상장사, 작년 현금배당 52.8조 ‘역대 최대’…배당성향 42% 훌쩍",Economy
"한투운용 ""스페이스X IPO 참여…우주ETF·펀드에 바로 배정""",Economy
"한투·OKX·컴투스 손잡은 코인원…""디지털금융 판도 바꿀 것""",Economy
서울 집값 2주째 0.25% 상승…올해 전세 상승률 지난해 6배,Economy
기업인 출신 'AI 전문가' 하정우·'반도체 전문가' 양향자 나란히 고배,Economy
‘쪼개기 상장’ 주주행동 나선 액트…다산네트웍스·휴온스글로벌 의결권 확보 나서,Economy
"'4자 연합' 코인원 ""종합 금융플랫폼 도약""",Economy
"코인원 품은 한투증권 ""재무적 투자 아닌 전략적 투자 일환…가상자산 허브 될 것""",Economy
"""따라잡겠다고? 꿈 깨라"" TSMC 회장, 삼성 추격 가능성 일축",Economy
"[메자닌 투자파일] 삼미금속, 상장 이후 첫 CB…고부가 시장 정조준",Economy
"HD건설기계, 유럽 군 조달 첫 대규모 수주…폴란드에 불도저 공급",Economy
"""희귀 혈액질환 시장 넓힐 파트너""⋯오스코텍, 아지오스 선택한 이유[현장]",Economy
"외면받던 노원 재건축, 강북 정비사업 최대 격전지 될까",Economy
"LG디스플레이, 최상위 ‘게이밍 모니터’ 대만서 첫선",Economy
대구경북 홈플러스 5개 지점 결국 폐점… 희망퇴직도 단행,Economy
연준 내 늘어나는 매파…친트럼프 인사마저 금리 인상 가능성 시사,Economy
SK하이닉스 선물 40조 쌓였다… 단일종목 ETF 열풍에 커지는 변동성 공포,Economy
"우버, 로보택시 판 다시 뛰어든다…누로에 5억달러 베팅",Economy
"금감원, 홍콩 ELS 과징금 대폭 낮춘다... 1.4조→6000억원으로 감경",Economy
"‘12.5%’ 301조 추가 관세…정부, 미국에 “기존 합의 틀 내에서 협의해야”",Economy
"대한전선, 영국서 650억 규모 초고압 케이블 수주",Economy
"젠슨 황 CEO, 내일 오후 5시20분쯤 전세기로 김포공항 도착",Economy
"[속보]젠슨 황, 내일 방한…‘삼겹살 회동’ 등 한국서 광폭 행보",Economy
"증권사 인수 숙원 안은 OK금융, 예별손보로 종합금융 발판 마련하나",Economy
"렉라자 이을 신약 찾는다…오스코텍, 항내성 항암제 개발 집중",Economy
"젠슨 황 5일 입국, 올해는 ‘삼겹살 회동’",Economy
NXT ‘기술 탈취’ 의혹 무혐의…조각투자거래소 사업 본궤도 오른다,Economy
"젠슨 황, 5일 오후 방한…구광모·이해진과 회동할 듯",Economy
"[단독]젠슨 황, LIG D&A 방문 검토..방산·피지컬AI 협력 논의",Economy
"스페이스X 투자의 모든 것…얼마에, 어떻게 살까 [QnA]",Economy
“실손보험 보장 줄어든다고?”…‘추가 상품 가입 유도’ 마케팅 활발,Economy
"젠슨 황, 내일 오후 한국 입국…재계 총수들과 만찬 예정",Economy
용산·과천·성남 줄줄이 野 단체장…1·29 공급대책 ‘가시밭길’,Economy
홍콩ELS 과징금 8000억 축소 기류…은행권 '즐거운 비명' 지르나,Economy
KB운용 'RISE 현대차고정피지컬AI ETF' 순자산 5000억 넘어,Economy
"젠슨 황, 내일 나흘 일정 방한…촘촘한 일정, 서울대생도 만난다",Economy
"BTS 공연 '숙박 바가지' 막는다…""예약 취소 땐 200% 배상""",Economy
"셀트리온, 1천억 규모 자사주 소각 완료…주주환원 '속도'",Economy
"한층 깊어진 블랙으로 몰입감↑…LGD, 대만서 차세대 기술 대거 공개",Economy
"""국평 20억 시대"" 동탄 신고가, 일산은 4억 '뚝'...집값 엇갈린 이유",Economy
"젠슨 황, 잠실 마운드 오른다…두산과 AI 동맹 강화",Economy
"'20% 지분 규제' 대비했나…코인원, 한투·OKX 끌어들여 지배구조 재편",Economy
"한투, 왜 빗썸 아닌 코인원 택했나…""뚫린적 없는 보안성""",Economy
"젠슨 황, 5일 오후 5시20분 김포공항 입국…재계 총수들과 회동(종합)",Economy
"젠슨 황, 내일 오후 5시 전세기로 김포공항 입국…총수들 만난다",Economy
"""1만피 간다"" vs ""조정장 온다""…지선 끝난 국장, 어디로 갈까",Economy
"한투·OKX, 국내 3위 거래소 코인원 공동 3대 주주 합류",Economy
"효성, 창사 60년만에 첫 ‘사무직 노조’ 초읽기…노사 리스크 급부상 [only 이데일리]",Economy
"금감원, 실손보험 적자 2조원 육박…비급여 보험금 절반 넘어",Economy
소외됐던 코스닥의 반격…6거래일 만에 반등[마켓시그널],Economy
AI·반도체 잭팟에…지난해 백만장자 200만 명 더 쏟아졌다,Economy
"""20살 맞은 DSM, AI 품었다""… 시놀로지 '프라이빗 AI 플랫폼' 선포 [컴퓨텍스 2026]",Economy
"'삼전닉스'가 끌어올린 한국기업 순이익, 18년 만에 일본 추월 전망",Economy
BTS 공연 앞두고 ‘숙박 취소’ 갑질…계약금 환급·200% 배상 추진,Economy
‘반도체 벨트’ 동탄 아파트값 ‘쑥’… 서울은 상승률 그대로,Economy
예별손보·KDB생명에 높아진 ‘관심’… 매각 장수생 이번엔 팔릴까,Economy
비트코인 하락에 알트코인도 '흔들'…솔라나 5% '뚝'[특징코인],Economy
꺾이지 않는 서울 집값…전세는 더 뛰었다,Economy
"젠슨 황, 내일 17시 김포공항 통해 입국…‘소맥 회동’부터 잠실 시구까지",Economy
"삼성전자, 1분기에도 글로벌 TV 시장 1위…21년 연속 1위 눈앞에",Economy
"컴투스홀딩스, 코인원·한투·OKX와 디지털 금융 혁신 도전",Economy
젠슨 황 5일 입국 '삼겹살 회동'…피지컬 AI 동맹 韓 낙점(종합),Economy
"K-바이오, 상반기 기술수출 질주…13조원 달해",Economy
"정부 ""올해 물가 '한은 전망치 2.7%' 크게 안 벗어날 듯""(종합)",Economy
"“BOJ, 이달 금리 올린다”…엔저·물가에 연내 추가 인상 무게",Economy
"젠슨 황, 내일 전세기로 방한…나흘간 한국서 광폭 행보(종합)",Economy
한화에어로 전 사업장 '올스톱'...수주 제동 우려도,Economy
"""다이어트 성수기 왔다"" 비만ETF 기지개",Economy
"[속보] 젠슨 황, 내일 오후 입국…전세기 타고 김포공항 도착",Economy
"홈플러스, 영업 중단 37곳 매장 폐점한다…""M&A 위한 결정""",Economy
AI 기대주 日 소프트뱅크 10% 급락…차익실현 매물 쏟아져,Economy
"한국투자證 ""주식-가상자산 투자 상호연결 추진""",Economy
[비트코인 지금] 이란전쟁 이후 최저 수준 '뚝',Economy
이마트도 태국산 계란 판다…‘계란값 부담’에 수입란 확대,Economy
"3만 원대 매입 적중한 이한우 대표, 14만 원대서도 담았다… 현대건설 경영진 자사주 매입",Economy
동탄발 집값 상승세…경기 남부 집값 달군다,Economy
"[티타임] 코스피, 8700선 숨 고르기…코스닥은 2%대 상승세",Economy
"“AI 산업, 더 빠른 HBM 더 큰 GPU보다 오케스트레이션 주목”",Economy
“AI 투자 더 해야”…알파벳 20년만에 130조 유상증자,Economy
오세훈 “새벽 5시 승리 직감...GTX 개통 최우선 과제로”,Economy
"HD현대일렉, 친환경 기기 개발 끝냈다…""유럽 공략""",Economy
[ETF 따라잡기] 中 '유니트리' IPO 통과 관련 ETF 관심 가져볼까,Economy
"[셀럽의 한 수] 환율 1,530원까지 터치 ""뉴노멀, 적응하게 될 것""",Economy
메타 새 AI 모델 API 언제 나오나…개발자 배포 또 지연,Economy
"엔비디아 젠슨 황·두산 박정원, 잠실 마운드서 'AI·로봇 동맹'",Economy
"코인원, 한투·OKX·컴투스와 4자 연합… 글로벌 종합 금융사 출사표",Economy
"""잠시 휴업이라더니""…홈플러스 37개 매장 결국 폐점",Economy
젠슨 황 시구·박정원 시타…잠실서 만나는 엔비디아·두산 'AI 동맹',Economy
‘상록수’는 끝나지 않았다…ABS 시장서 커지는 부실 이전 구조,Economy
"HD현대, 캐나다 잠수함 수주전 계열사 '종합 패키지' 승부",Economy
"로봇팔 매출 반토막…두산로보틱스, 기댈 곳은 '젠슨 황'",Economy
"트럼프 행정부 공직자들, 스페이스X에 수백만 달러씩 투자",Economy
"성수4지구 재개발, 시공사 선정 절차 제동…'이주비 20억' 적법성 검토",Economy
"코인원, 한투증권·OKX 품었다…""디지털금융 4자 연합 출범""",Economy
"젠슨 황, 5일 오후 김포로 입국…中 맞설 피지컬 AI 동맹 韓 낙점",Economy
석유 최고가격제 석 달차…정유업계 손실보전 '줄다리기',Economy
"탈벅 이제 끝났나...스타벅스, 카톡 선물하기 1위 올라",Economy
"젠슨 황 수혜주 따라탔다가...""하루 만에 -14%"" 불나방 개미 눈물",Economy
"美재무 ""인플레는 일시적""…코로나발 9% 물가 오판 악몽 잊었나",Economy
쏘렌토·그랜저 다 꺾었다…테슬라 ‘모델Y’ 첫 국내 판매 1위,Economy
"[현장] ""거래소 넘어 금융 플랫폼으로""…코인원의 승부수",Economy
BTS 공연 ‘숙박 바가지’ 막는다… 예약 취소 땐 200% 배상,Economy
"최태원, 엔비디아 이어 TSMC 수장과 회동…AI반도체 동맹 공고화",Economy
부동산 대란에 돌아선 서울 민심…1년 만에 吳 역선택했다,Economy
"조각투자거래소 예비인가 NXT, '스타트업 기술탈취' 의혹 벗었다",Economy
"오스코텍 ""1조 규모 기술이전 계약…3년내 또 다른 성과 낼것""",Economy
최근 유가가 배럴당 100달러를 넘지 않는 3가지 이유,Economy
"보령 ""공정위 '탁소텔 복제약' 매각 조치 성실히 이행할 것""",Economy
"젠슨황, 내일 김포공항 입국 후 곧바로 성수동 식사자리 간다",Economy
"""임상 3상 벽 넘었다""…오스코텍, 최대 1조 기술수출 성사",Economy
코스피 주춤하자 6거래일만 반등…코스닥 스포트라이트 받나,Economy
[6·3 지방선거]진보 교육감 10명 당선…수도권 싹쓸이하며 우위 회복,Economy
"[단독] 현대차·기아, 美 현지화 지수 토요타 제쳤다…1년 새 2배 급등",Economy
통장 가압류돼도 월 250만원 사수…일반인도 가능한 ‘생계비계좌’ 활용 가이드,Economy
"英·美 전력고속도로, K케이블 깐다…대한·가온 대형수주 잇따라",Economy
"'휴업' 상태 홈플러스 37개 매장, 결국 폐점 수순",Economy
"회생계획안 시한 D-30…홈플러스 매각·폐점 본격화, 노조는 무기한 단식",Economy
"“美, 한국산 관세 15% 안 넘긴다”...김정관 장관 “작년 합의 수준 준수 확인”",Economy
"오스코텍 ‘세비도플레닙’, 좌초 위기 딛고 ‘1兆 수출’로 부활…“2030년 이전 허가 기대”",Economy
'성과급 부촌' 동탄 0.60% 급등…강남 상승률의 3배,Economy
"'우회상장' 면했지만…휴온스그룹, 규제 문턱 넘을까",Economy
"머스크, 세계 첫 ‘조만장자’ 눈앞…스페이스X 기업가치 2700조 도전",Economy
"투자 고수들, 반도체 소부장·로봇 집중 매수…대형주 온기에 소부장 몸값 껑충",Economy
"한동훈 '친정 복귀 초읽기'···장동혁, 사퇴론 일축 ""새 길 찾겠다""",Economy
한성숙 총리설에 기대감 높아지는 중기부 “규제혁신 속도 날 듯” [중기+],Economy
"[단독] “DSR·총량 규제 안 걸려요"" 사내 대출 급증...5년 만에 2배 불어나",Economy
"젠슨 황 이어 TSMC까지…SK 최태원 회장, AI 반도체 동맹 속도",Economy
음식·숙박 바가지 ‘원스트라이크 아웃’…일방 취소시 200% 배상,Economy
선거 끝나자 환율 1530원 직행…“1500원대 뉴노멀 될라” 우려,Economy
“미래 성장·수주 경쟁력 자신감”…현대건설 대표이사 자사주 매수 행렬,Economy
"서울 아파트 전세 0.29%↑, 한 주 만에 상승폭 커졌다",Economy
롯데택배 '신급지체계' 갈등…노란봉투법 시대 첫 '원청 교섭' 시험대,Economy
"메타, 새 AI 모델 API 공개 연기 지속…수익화 언제쯤?",Economy
삼성 성과급이 쏘아 올린 공?… 동탄 아파트값 0.60% 역대급 상승,Economy
서울 아파트값 0.25% 상승…반도체 호재에 동탄 '고공 행진',Economy
8개월 만에 국평 1억6500만원 '껑충'…치솟는 동대문 집값,Economy
“오세훈 당선에 걸어 2.4억 벌었다”…‘역대급 베팅’ 화제,Economy
'반도체의 힘' 동탄 집값 또다시 상승률 1위...과천은 한달만에 하락,Economy
“두 달 만에 2억 뛰었다” 삼전닉스 ‘셔세권’ 동탄 집값 상승 수도권 1위 [부동산360],Economy
"새 최대주주 맞은 서울전자통신, 자회사 매각 계약금 반환에 반대매매 리스크까지",Economy
반도체 벨트 동탄 ‘불기둥’…강남3구도 강보합,Economy
[속보]동탄 집값 나홀로 질주…서울 숨고르기에도 0.60% 급등,Economy
外人 5조 이상 팔았다…코스피 1%대 약세,Economy
"정부, BTS 부산공연 앞두고 '바가지요금' 합동점검…적발 시 세무조사",Economy
"서울 아파트 전셋값 오름세, 매매 또 추월…동탄 아파트값 전국 최고 상승[부동산AtoZ]",Economy
서울 아파트값 2주째 0.25%↑…올해 전세 상승률 작년의 6배,Economy
BTS공연 '숙박갑질' 손본다…가격인상 취소시 '요금 200%' 배상,Economy
"더 비싸게 팔려고 숙박예약 파기하면 방값 2배로 물어낸다…정부, 숙박업 '꼼수 취소'에 배액배상 제도 도입",Economy
"예약 취소시 숙소요금 200% 배상…정부, 바가지 근절 총력전",Economy
"반도체 '빚투' 작년보다 3배 불어나…""공포심리 확산 경계""",Economy
"美 301조 압박에 김정관 ""15% 관세상한 재확인""…EU 철강쿼터 확보전",Economy
"포커스에이아이, 80억원 유증 납입 완료 ""AI 물리보안솔루션 성장 본격화""",Economy
"오스코텍 ""면역질환 치료제, 2030년 3상 진입 목표…상용화 속도""",Economy
"코스피, 장중 약세 지속…코스닥은 2%대 강세",Economy
"‘팀코리아’, 4조원 규모 美 FLNG 해양플랜트 사업 따냈다",Economy
"[오후장 체크포인트] 브로드컴 어닝 후 '비틀' ""펀더멘털 이상무""",Economy
‘필라델피아반도체3배’ 팔고 ‘삼전닉스2배’ 살래,Economy
은행 ELS제재 수위 절반으로 '뚝'…선거 후 '이재명식 금융' 속도조절?,Economy
"코스피, 8700선 횡보…외국인 '매도 폭탄'",Economy
"KB자산운용 ‘RISE 현대차고정피지컬AI ETF’, 13일 만에 5천 억 돌파",Economy
"[단독]앤스로픽 AI 기술 임원, 16일 네이버 본사 찾는다",Economy
해외계좌 5억원 넘으면 이달 말까지 신고해야…미신고 시 과태료 10%,Economy
“올해만 583% 급등”…일학개미 1픽은 ‘키옥시아’,Economy
"""국감 방어용?""…보수적 잣대에 신생사 추풍낙엽",Economy
"양재역 앞 3룸 월 70만원, '호반써밋 양재' 8일 청약",Economy
"""스페이스X, 공모가 135달러에 기업가치 2686조원 목표""... 역대 최대 IPO 추진하나",Economy
'쟁의행위금지' 항고심 앞둔 삼성바이오…'연속공정' 중요성 인정될까,Economy
韓 제약·바이오 상반기 글로벌 기술수출 13조원 돌파,Economy
오세훈 5선·용산구청장도 국힘…용산 8000가구안 힘 받나,Economy
"""中 OLED, 격차 상당""…LGD, 13년 노하우로 게이밍 모니터 공략(종합)",Economy
"'李대통령 명예훼손' 모스탄 출국정지 유지…""수사상 필요""",Economy
홈플러스 휴점 37개 점포 결국 폐점...희망퇴직 통보,Economy
'5선 오세훈' 강남·용산 개발 속도 붙나…남은 과제는 '사업성',Economy
‘부의 효과’ 기대에 백화점株 질주…신세계 16% 급등[줍줍리포트],Economy
"TSMC CEO ""AI칩 공급난 수년간 지속…수요 못 따라간다""",Economy
"코인원·컴투스·한투·OKX 4자 동맹…""글로벌 종합 금융 플랫폼 도약 목표""",Economy
"또 5.6조 던졌다...외국인, 코스피 19일 연속 '팔자' 환율도 '쑥'",Economy
"[직설] 6.3 지방선거, 여당 압승 속 서울시장 오세훈 당선…서울 집값 영향은?",Economy
[시장 따라잡기] 엔비디아 '휴머노이드 동맹' 합류할 국내 기업은?,Economy
AI 투자 확산에 반도체 밸류체인 주목…ACE ETF 맞춤형 라인업,Economy
"입사 동기 수익률 보고 '헉'…""굴려라"" 퇴사일이 달라진다",Economy
"스맥, 최영섭 회장·권오혁 대표 자사주 장내 매수",Economy
"미국 실효관세율, 10대 수출국 중 한국 6위…일본보다 낮아",Economy
정부 개입도 안 통했다…원·달러 환율 1530원 돌파,Economy
"김성환 한투증권 사장 ""코인원, 단순 재무투자 아닌 전략적 투자""",Economy
"“세계 1위 기술력으로 협력”…HD현대, 加잠수함 수주 총력 지원",Economy
"홈플러스, 잠정 영업 중단 37개 점포 결국 폐점키로",Economy
"김정관, 러트닉과 화상면담 ""한국 관세, 15% 상한선 재확인""(종합)",Economy
"스맥, 회장·대표이사 자사주 장내매수…“반도체·로봇 기반 성장 자신감”",Economy
삼성바이오 가처분 항고심 내일 첫 심문…‘24시간 연속공정’ 전체로 파업 금지 확대될까,Economy
코인원·한투·OKX·컴투스 “새로운 디지털자산 금융 패러다임 제시” [크립토360],Economy
"TSMC 회장, AI 자신감…“향후 수년간 공급 부족 지속”",Economy
초기 자금 부담 낮춘 '신혼희망타운'…신혼부부 내 집 마련 '숨통',Economy
"삼성전자, AI發 낸드 호황 속 1위 수성…1분기 점유율 29%",Economy
"오스코텍 ""세비도플레닙 2030년 전 상용화 기대…로열티 7~15%""",Economy
"셀트리온, 1000억원 자사주 소각 완료…연내 누적 2조원 목표",Economy
선거 숙제 끝낸 李정부…시장에 내밀 부동산 '규제 청구서'는 [QnA],Economy
"글로벌 ETF 428조 굴리는 미래에셋…박현주 ""미래는 ETF에 있다""",Economy
[6·3 지방선거]청와대 출신 7인 희비…우상호 강원 탈환·하정우 고배,Economy
오스코텍 “내년에 기술 수출 물질 임상 3상 돌입…29년까지 추가 기술 이전 추진”,Economy
"삼전닉스 무섭게 뒤쫓는 중국…""1년 새 매출 445% 폭증""",Economy
"커피 2천 원도 무너졌다…선거 끝난 6월, 외식물가 줄인상",Economy
"60조 캐나다 잠수함 승부수…HD현대, 에너지·건설기계까지 총동원",Economy
LGD의 자신감 “中 OLED 추격? 13년 기술·공급망 격차 있어”,Economy
선거 끝나자마자 ‘봉인 해제’…홍콩ELS 과징금 8000억 깎아준다,Economy
美 비축유마저 바닥 보인다…월가 덮친 '재고 공포',Economy
"잠실7동 ""개표해야 오세훈 당선확정"" VS. ""선거 무효""",Economy
"업비트·빗썸 양강 흔들까…코인원, 한투·OKX 업고 '디지털금융' 승부수",Economy
"달리오 ""AI 버블, 결국 터진다"" 경고…브로드컴 전망 '삐걱'",Economy
"[경제 포커스] 韓 경제 좋다는데...원화 가치, 달러-위안화-엔화 대비 모두 약세",Economy
[경제읽기] 6·3 지방선거 후 증시·부동산 전망은?,Economy
"젠슨 황, 두산베어스 경기 시구…박정원 두산그룹 회장 시타 화답",Economy
"韓美 관세협상 효과…韓, 대미 실효관세율 순위 3위→6위",Economy
"투석·이식 말고 답 없던 콩팥병…릴리, 2조9000억 원 베팅 이유",Economy
"최태원 회장, TSMC 회장과 회동…반도체 '삼각동맹' 굳힌다 [컴퓨텍스 2026]",Economy
박현주 미래에셋 회장 “킬러 프로덕트로 글로벌 영토 확장”,Economy
배달·택배기사도 최저임금 적용되나…최임위 논의 촉각,Economy
"“부장 된지 한달도 안됐는데요”…정몽구 회장, “이제부터 이사 해”",Economy
"본사 이전 확정한 HMM 매각 재개하나… 산은, 사용가치 평가 작업 착수",Economy
"정몽구 회장, 이사가 고속 승진 사양하자 기발한 방법으로…",Economy
"양자컴퓨팅 대장주 노리는 퀀티넘…IPO 흥행, 오늘 밤 나스닥 상장",Economy
"젠슨 황, 왜 또 한국 총수들 찾나...'AI 깐부' 2라운드",Economy
만두·햇반 다음은 김밥…CJ의 '카테고리 확장 공식',Economy
수입차 2대 중 1대 전기차…테슬라가 끌고 BYD가 보탰다,Economy
비트코인 순간 6만2000달러 붕괴…'큰손 투매' 약세장 공포 확산,Economy
"[컴퓨텍스2026] 삼성D·LGD, 게이밍 OLED로 中 추격 따돌린다",Economy
"‘150조 엔비디아 펀드 장착’ 브룩필드, “韓 첨단산업에 300억弗 투자”[시그널]",Economy
‘1달러=1500원대’ 외환위기 후 최장… 수출 호황에도 흔들리는 원화,Economy
"JP이노베이션, 순익 14배 뛰자 IPO '작전상 후퇴'",Economy
6월은 해외자산 신고의 달…신탁도 신고 잊지마세요,Economy
"한투운용, 스페이스X IPO 참여…'우주테크 ETF' 편입 비중 확대",Economy
"""시구에 유퀴즈까지""…젠슨 황, 이번엔 어디서 잘까",Economy
"공정위, 보령 ‘탁소텔’ 인수 제동…“항암제 독과점 우려”",Economy
“예전엔 가득 채웠는데”…그많던 오징어는 어디로 갔을까 [푸드360],Economy
브룩필드 “韓 주거 시장 큰 관심… 규제 변화에 주목”,Economy
"홈플러스, 37개 휴점 점포 결국 폐점…직원 희망퇴직 시행",Economy
6월은 해외자산 신고의 달.. 해외금융계좌·신탁 신고하세요,Economy
"[Q&A] 해지했던 해외금융계좌, 국세청에 신고해야 돼요?",Economy
[마켓인]“우린 일반 사모펀드와 달라”…브룩필드가 밝힌 韓 M&A 청사진,Economy
조단위 ‘빅딜 메이커’ 브룩필드 “한국에 2030년까지 30조원 투자”,Economy
공정위 “보령 항암제 사업 매각하라”... 글로벌 M&A 첫 제동,Economy
1조弗 굴리는 브룩필드 “한국은 글로벌 톱3 투자처”… AI 인프라 이어 임대주택도 눈독,Economy
"해외금융계좌 신고, '잔액 산출'과 '기준일'에 유의하세요",Economy
"""한국 부동산, 여전히 핫하다""…브룩필드 3대 투자처는",Economy
‘돈 먹는’ 따개비 잡아라...KCC가 선박 페인트에 올인한 이유[중기+],Economy
"보령, 사노피 항암제 인수에…공정위 ""제네릭 사업 팔아야""",Economy
"""한국선 애플 못 나와""···대학 창업 가로막는 두 차례 '죽음의 계곡'",Economy
“수주 잭팟” 파두 대만서 비밀병기 공개,Economy
5억 넘긴 해외계좌 이달 말까지 신고…올해부턴 해외신탁도 포함,Economy
"이직 근로자 10명 중 4명, 임금 줄여 옮겼다…30대서도 38%",Economy
"韓 대미 실효관세율, 10대 수출국 중 3위→6위 '부담 완화'",Economy
보령의 오리지널 항암제 영업양수 승인…복제약 영업 매각 조건,Economy
"[단독]월급여 3개월분? 보상 못 받을 수도...홈플, 3000명 희망퇴직 통보",Economy
"""게이밍 OLED 수율 95% 달성""…LGD, 하이엔드 모니터 '초격차' 잇는다",Economy
"""더는 못 버텨"" 외식·카페업계, 3%대 물가에 가격 인상 움직임",Economy
60조 잠수함전 판 흔든다…현대차 앞세운 4조 협력안,Economy
HD현대 캐나다 잠수함 수주전 '올인'…계열사 총력 지원,Economy
“샤이 보수 못 잡았나” 출구 예측조사 굴욕,Economy
'미토스 공포' 한 숨 돌렸나?...'글래스윙'에 SKT 이어 반도체 투톱도 탑승,Economy
"""안방 포화""…SKT, 외국인 요금제로 40% 탈환 나선다",Economy
브로드컴 주가 14%↓…AI 칩 연매출 전망 유지에 실망,Economy
"""노트북 한 대가 800만원""…삼성, '갤북6 울트라' 기습 출시",Economy
"""삼쏘 회동부터 시구까지""…젠슨 황 실시간 추적 사이트 5만 명 북적 [포크뉴스]",Economy
"외국인 매도 속에 환율 고공행진…두달여 만에 1,530원 찍어",Economy
"'임단협 후폭풍' 삼성전자 초기업노조, '과반 노조' 지위 상실할 듯",Economy
‘사상 첫 5선 서울시장’ 용산-세운-태릉CC 공급 두고 목소리 더 커지나 [부동산360],Economy
'24시간 퀵배송' 편의점의 반란⋯쿠팡·네이버 턱밑 추격,Economy
지난해 은행서 2500명 희망퇴직 '러쉬'…전년보다 24% 늘었다,Economy
"홈플러스, 37개 매장 폐점 결정…희망퇴직도 진행",Economy
"한투·OKX 손잡은 코인원…""글로벌 종합 금융사로 발돋움""",Economy
"‘반도체 슈퍼사이클’ 업고 대중 무역수지, 4년 만에 흑자전환 유력",Economy
"OK금융, 예별손보 인수 검토…저축은행 보유 그룹 첫 도전",Economy
중국산 전기차의 선전…지커 ‘함박웃음’,Economy
"최태원, 젠슨 황 이어 TSMC 회장 만나...""AI 반도체 동맹 굳힌다""",Economy
“日 자동차 7개 다 합해도 삼전닉스 10분의 1”…韓기업 순익 18년만에 日 추월,Economy
"대신증권, 자본확대 전략 주목",Economy
"SK하이닉스, '키옥시아' 투자까지 대박…日시총 2위 넘보며 60조 가치로 '15배↑'",Economy
"신세계그룹, 스타벅스 '탱크데이' 책임 끝까지 묻는다…후속인사 예고",Economy
"배달라이더도 최저임금 받나…민주노총, 최임위 앞 농성 돌입",Economy
삼전닉스 낙수효과? 인근 백화점도 웃는다,Economy
[단독] 정부 “비상시에만 써라”…비축유 상환유예 반려에 정유업계 ‘긴장’,Economy
한투·코인원·OKX·컴투스 ‘4자 연합’ 출범…“글로벌 종합 금융 플랫폼될 것”,Economy
젠슨 황 오늘 방한…재계 총수 연쇄 회동,Economy
[홈플러스 M&A] 농협 인수 가능성 '재점화'…업황 불투명 한계도,Economy
"[단독] STX, 결국 범한산업 품으로",Economy
"브로드컴 13% 급락…""실적 좋지만 눈높이 미달"" AI 랠리 경고등",Economy
"스페이스X 공모가 135달러 제시…""시총 2700조원 목표""",Economy
"여·야 간판 후보 제친 한동훈 ""당으로 돌아간다는 약속 지킬 것""",Economy
"초고수들, 삼성전자·NAVER ‘젠슨 황 깐부주’ 담았다 [주식 초고수는 지금]",Economy
1년새 3배 성장한 낸드 메모리…삼성·SK 1위·2위 수성,Economy
박현주 미래에셋그룹 회장 “미래 담는 ‘킬러 프로덕트’가 답”…‘미래에셋 3.0’ 설파,Economy
셀트리온 1000억원 규모 자사주 소각 최종 반영,Economy
중동긴장 재고조에 코스피 2% 하락…외국인 19일연속 매도 행진,Economy
불붙은 ‘율곡’ 인수전…흥행 분위기 속 본입찰 연기,Economy
"삼성重, FLNG 양산시대 연다…美 ‘델핀 1호기’ 4.3조원에 수주",Economy
"“아마존, 3만명 자르고 AI에 300조원 투자”…직원들, 공개 비판",Economy
"닭고기 수급난…굽네치킨, 가격 인상 대신 중량 줄였다",Economy
"삼성중, 4조원대 美 FLNG 수주 뒤엔…‘팀코리아’ 있었다",Economy
환율 13.6원 오른 1530원 개장… 2009년 ‘글로벌 금융위기’ 이후 처음,Economy
수도권 레미콘 총파업…반도체 건설현장도 올스톱,Economy
젠슨황이 던지고 박정원이 치고… 두산-엔비디아 ‘야구장 회동’,Economy
“AI의 미래는 글라스”… 메타 vs 구글·삼성 ‘한국 대전’ 초읽기,Economy
“재보선도 빗나간 예측”…부산북갑·평택을 방송3사 출구조사 2곳 모두 뒤집혔다,Economy
"반도체 호조에 레버리지 투자 사상 최대…한은 ""포모 경계해야""",Economy
"""코스피 1만2000선 간다""…증권가, 하반기 전망치 '줄상향'",Economy
"홈플러스, ‘영업 중단’ 37개 점포 결국 폐점 결정",Economy
"최태원, 웨이저자 TSMC 회장과 회동…젠슨 황은 내일 방한",Economy
"삼성TV, 21년 연속 ‘세계 1위’ 보인다",Economy
외국인 매도세에…코스피 8600선 사수 공방,Economy
‘추경호號 대구’ 출범…기업은행 대구행 탄력받나,Economy
안 오르는 게 없네…식음료 프랜차이즈 줄줄이 가격 인상(종합),Economy
‘오세훈 고려대 동문’ 이유로 상한가…또 들썩인 정치테마주 [투자360],Economy
"HD건설기계, 폴란드 군에 불도저 50대 공급…270억원 규모",Economy
윤태영 오스코텍 대표 “레거시 파이프라인 모두 계약…차기 파이프라인에 집중”,Economy
불닭 신화 꺾였나…코스피 랠리에도 삼양식품 주가 '지지부진',Economy
"코스피, '2%대 하락' 숨고르기…소외받던 코스닥은 3%대 상승",Economy
삼전 초기업노조 ‘과반’ 상실 위기…성과급 갈등에 비반도체 줄탈퇴,Economy
오세훈 택한 ‘부동산 표심’…서울 집값 상승 톱10 중 8곳 승리,Economy
"""구조가 다르다"" 산업發 '성과급 갈등'에도 은행권 조용한 이유",Economy
주성엔 25만원 돌파·원익IPS 상한가…반도체 소부장주 폭등 [칩칩폭폭],Economy
개미 '빚투' 사상 최대…반도체 기대에 '삼전닉스 레버리지' 투자 몰려,Economy
"젠슨 황 시구 계기로 엔비디아·두산, AI 협력 확대 논의",Economy
"한화 잠수함에 현대차 수소 얹었다…韓, 캐나다에 '4.4조 패키지 딜' 비공개 제안",Economy
"정부·삼성중공업 뭉친 ‘팀코리아’, 미국서 4조 원 대어 낚았다",Economy
‘평화의 최전선’ 애기봉 스타벅스마저…‘탱크데이’ 논란에 퇴거 요구 직면,Economy
"'집값이 갈랐다'…오세훈, 서울 강남 3구서만 20만표 승리",Economy
"HD건설기계, 폴란드 軍에 불도저 50대 공급",Economy
"일론 머스크, 스페이스X 상장으로 역대 세계 첫 조만장자 눈앞",Economy
"[단독] 한국투자증권, 자체 토큰증권 플랫폼 구축 나선다",Economy
"비트코인, 6만3000달러선까지 내렸다…중동 긴장감·스트래티지 매도 '겹악재' [크립토브리핑]",Economy
"조석 부회장 ""HD현대가 한-캐나다 방산 협력 핵심 맡겠다""",Economy
"코스피 상장사 작년 현금배당, '역대 최대' 52조8천억",Economy
'반도체' 돌고 돌아 은행에…'머니무브' 걱정 안한 이유 있었네,Economy
1500원 환율에 멈춘 금리인하 시계…한은 다음 카드는 '인상'?,Economy
"“방송3사 출구조사 또 엉터리” 온라인 성토…6.3 지선, 서울·경남 등 접전지 결과 뒤바껴",Economy
중앙은행들 쓸어 담더니…美 국채 제치고 1위,Economy
“지선 후폭풍” 여·야권력지도· 차기 대권판도 요동,Economy
월세 100만원 넘는 서울 빌라 거래 1년 새 29% 늘어,Economy
"미·이란 충돌에 코스피 약세…환율 1,530원대",Economy
"'지분가치 75조 급등' 삼성물산, 주주 환원 확대 기대감…""삼성전기, 주가 빠졌어도 AI 성장축은 이상 無"" [株토피아]",Economy
"삼성 KODEX 200, 국내 첫 ETF 순자산 30조 돌파",Economy
‘쟁의행위 금지’ 항고심 앞둔 삼성바이오…‘연속공정’ 특수성이 쟁점,Economy
27대1·20대1 흥행 잇는다…노량진뉴타운 '드파인 아르티아' 출격,Economy
"‘4박5일 방한’ 젠슨 황, 피지컬 AI 협력 올인",Economy
"유럽 군납 뚫었다…HD건설기계, 폴란드軍에 불도저 50대 공급",Economy
"“개미 2.7조 몰렸다”…SOL AI반도체TOP2플러스, 순자산 5조 돌파",Economy
기업가치 더 높여잡았다…1조7800억달러 스페이스X,Economy
[신한금융 리딩 자본공식]② 신한증권 약진… 비은행 '방파제' 다진다,Economy
‘스텔스 자동차’ 없앤다…전조·후미등 자동 점등 의무화,Economy
내년부터 '스텔스 차량' 사라진다…전조등 자동 점등 의무화,Economy
"[EV캐즘 종료] 테슬라, 상반기 수입차시장 판매 '5만대' 눈앞",Economy
"美 4조원 FLNG 따냈다…팀코리아, 투자개발형 수주 모델 확대",Economy
"LGD, 대만서 글로벌 IT업체 대상 게이밍 OLED 기술 및 미래 로드맵 공개",Economy
"5000만대 게이밍 모니터 시장 공략…LGD, 차세대 OLED 로드맵 공개",Economy
삼전닉스 쉬어가자 반도체 장비株 강세…원익IPS '上' [핫종목],Economy
[르포]엔비디아로 시작해 엔비디아로 끝난다…컴퓨텍스 삼킨 '젠새니티',Economy
"코스피 하락 출발...원-달러 환율 1,530원 넘어",Economy
'스텔스 차량' 퇴출한다…야간 전조등 자동점등 의무화,Economy
‘국장 랠리’ 올라탄 KODEX 200…국내 ETF 첫 순자산 30조 돌파,Economy
야간 '스텔스 자동차' 퇴출…9월부터 전조등·자동점등 의무화,Economy
"삼성바이오로직스, 쟁의행위금지 항고심서 노조 파업금지 범위 확대될까",Economy
"그로쓰리서치 ""선익시스템, OLED 넘어 페로브스카이트 상용화 기대""",Economy
"오세훈 역전승에 ‘고터 테마주 상한가’…동양고속, 천일고속 두자릿수 급등",Economy
[마켓인]회사채 발행 숨통 트이나…하나證 “금리 하향 안정화 가능성”,Economy
"라이콤, 39억 규모 美 AI 데이터센터용 광증폭기 수주",Economy
"'4조원 잭팟' 터졌다…팀코리아, 美 LNG 해양플랜트 수주 성공",Economy
'장위 푸르지오 마크원' 6월 분양 …1032가구 일반분양 쏟아진다,Economy
‘K-제조업’ 미래역량 키운다…반도체·미래차·우주·에너지 신산업 가속페달 [6·3 지선],Economy
"젠슨 황, 잠실야구장 마운드에…두산 베어스 홈경기서 시구",Economy
"최태원 SK 회장, 엔비디아 이어 TSMC 수장과 회동",Economy
오세훈 막판 '대역전극'…사상 첫 5선 서울시장,Economy
[공항이 살아야 지방이 산다]⑤ 14곳 중 10곳 적자인데…선거철 '신공항 정치 셈법' 배제해야,Economy
"[단독] 홈플러스 휴업 37개점, 결국 폐점한다",Economy
"최태원號 SK그룹, 글로벌 AI 생태계 확장 행보…엔비디아·TSMC 동맹 공고화",Economy
'AI반도체 쏠림'에 개인 2.6조 몰렸다...SOL AI반도체 ETF 순자산 5조 돌파,Economy
"[단독] 쿠팡대표, 빨간색 유니폼 입고 축구장 등장…이유 있다는데",Economy
"[K배터리 리부트] ③ SK온, 체질개선 완료…6분기 적자 탈출 신호탄",Economy
"삼성중공업, 미국서 4조원 규모 해양플랜트 수주(종합)",Economy
광명역 초역세권 ‘광명 U타워’ 매각 돌입,Economy
"""내 정보 공공재?"" OTT에서도 털렸다…추가 피해 막으려면",Economy
무너지는 비트코인…6월에만 14% 폭락 [매일코인],Economy
"현대차·기아 美 판매, 석달만에 반등…""하이브리드가 견인""",Economy
"[단독] ""첫째 이유는 무노조""…해외 논문이 파헤친 현대차 美투자의 속내",Economy
레메디 '오버행' 우려⋯상장일 유통물량 최고,Economy
세계 외환보유액서 금 비중이 미국 국채 제쳤다,Economy
“‘삼전닉스’ 너무 올라 불안해” 이런 사람 많은데…하반기 돈 몰릴 업종 따로 있다고?,Economy
'젠슨 황 효과' 끝났나…급등했던 관련주 동반 약세,Economy
"""앉아서 수십 억 그냥 번다더니"" 분양가 두 배 넘겼다…강남 재건축 신고가 행진",Economy
"삼겹살 회동부터 시구까지…젠슨 황, 나흘간 한국서 광폭 행보",Economy
"금리인상이 호재?…13% 급등에 신고가 ‘삼성화재’[오늘, 이 종목]",Economy
"젠슨 황 수혜주 급락, 왜?…LG전자 14% ↓",Economy
"[설탕 카르텔]① ""같이 올리자"" 제당사 임원부터 팀장까지 '짬짜미'",Economy
비보존 주주 애태우는 어나프라주…美 3상 재개 향방은,Economy
"""젠슨 황 지금 어디 있나요"" 방한 앞두고 동선 추적 사이트 방문자 5만명 돌파",Economy
“공장 터뜨려놓고 저승으로 도망” 한화에어로스페이스 주주 망언,Economy
"박현주 미래에셋 회장 ""자산운용 성패, 킬러 프로덕트에 달려""",Economy
"최태원, 젠슨 황 이어 TSMC 회장도 만나…‘삼각동맹’ 공고화",Economy
지방선거 후 증시 어디로…'1만피' 두고 엇갈린 전망,Economy
"'스트래티지의 변심' 후폭풍…비트코인, 9400만원까지 '뚝'[코인브리핑]",Economy
"금융위기來 다시 뚫린 1530원대…시장선 ""상단 예측 어려워"" 공포",Economy
총수와 삼겹살 굽고 잠실마운드도 오른다…젠슨 황 방한 관심 집중,Economy
대성산업 보일러 계열사 대성쎌텍 완전자본잠식 늪에 빠졌다,Economy
검은 석탄화력의 은퇴…푸른 풍력의 첫출근[디깅에너지],Economy
두 달 만에 1530원 뚫은 환율…당국 구두개입에 1520원대로(종합),Economy
젠슨 황이 러브콜한 '韓로보틱스'…커지는 엔비디아·韓 로봇 밸류체인,Economy
집값 비싸도 너무 비싸다”... 수도권 분상제 아파트 ‘인기’,Economy
‘신속착공’ 오세훈 당선…한강벨트 재건축·재개발 속도내나 [부동산360],Economy
"KB증권, 최대 8000억 공모채 '노크'…금리 경쟁력 '주목'",Economy
"'SOL AI반도체TOP2플러스 ETF', 순자산 5조원 돌파",Economy
코스피 랠리에 ETF에도 '뭉칫돈'…운용사 대표 상품 몸집 커진다,Economy
역대급 실적에도 주가는 뒷걸음…반도체 쏠림에 증권株 부진,Economy
“코스피 1만2000”…골드만삭스 “단기 조정은 매수 기회”,Economy
"[ESG 점검] 삼성에피스홀딩스, 통합보고 첫발…CMO·품질 지표 과제",Economy
“오세훈에 걸어 2억5천 먹었다”…바다 건너에서 벌어진 ‘역대급 베팅’,Economy
서울 제외 與 승리로 끝난 지방선거…'9000선' 목전 코스피 어디로?,Economy
"한투운용, 스페이스X IPO 참여…직접 참여 운용사는 처음",Economy
"국민은행, 4조 규모 美 FLNG 공동주선 성공",Economy
"한미반도체, AI 공급망 한복판 선다…컴퓨텍스 첫 등판",Economy
"SSM 재편 틈새 노린 CU…편의점, 장보기 시장 판 흔든다",Economy
'역전극' 오세훈 테마주 상한가…'낙마' 정원오·조국 하한가 근접,Economy
"[아침밥] 다올증권 ""한국카본, 방산·LNG 수주확대로 실적 개선 기대""",Economy
"코스피, 8720선에서 약보합…코스닥은 1%대 상승세",Economy
지방선거 여파…서울 정비사업 속도 차에 '희비',Economy
"[증권사 금리 역풍]③ 메리츠證, S&T 호조 속 운용마진 축소",Economy
"환율, 美관세·중동 영향에 1,530원대 개장…금융위기 후 처음(종합)",Economy
삼전닉스 다음 타자는 바로 나?…반도체 소부장주 장 초반 강세 [매경 자이앤트],Economy
"셀트리온, 1천억원 규모 자사주 소각",Economy
‘5선세훈 테마주’ 진양화학 상한가 직행…정원오 에스제이그룹은 하한가,Economy
[농협금융 자본확충]① 중앙회로부터 '역수혈'…은행·증권에 실탄 재배분,Economy
1∼4월 중국 뺀 전기차 배터리 사용량 21%↑…K배터리는 역성장,Economy
"부산시장 된 前 장관, 해수부 해양수도 완성 기대 커졌다",Economy
"가온전선, 美 AI데이터센터 전력망에 송전용 케이블 첫 공급",Economy
"""스페이스X 등 '대어' 놓칠라""…中 해외주식 단속에 투자자 발동동",Economy
"한화 잠수함 수주 패키지에 '수소 생태계 만든다'…현대차 ""검토 중"" (종합)",Economy
"""젠슨 형 언제와"" 깐부株 동반 급락…LG전자 14%↓ [핫종목]",Economy
삼성물산 목표주가 6개월새 다섯 차례 상향...지분가치 상승 영향 [주가동향],Economy
'경기 서남부 핵심 역세권' 광명U타워 매각 돌입 [fn마켓워치],Economy
"삼성중공업, 미국 최초 FLNG 프로젝트 수주…4.3조 규모",Economy
"업계 11위 우리證, 11호 종투사 정조준…IB·WM 투트랙 성장 본격화",Economy
"""단순 코인 거래소 아닙니다""…증권사, 디지털자산 핵심 인프라 선점 경쟁 이유는",Economy
브로드컴 13%↓ 삼전닉스도 '주춤'…대장주 나란히 약세,Economy
"젠슨 황 두산베어스 유니폼 93번, 박정원 회장 96번 입고 잠실서 시구·시타 왜?",Economy
오세훈주 뜨고 조국주 급락…지선 결과에 희비 갈린 테마주[핫종목],Economy
코스피 8600선에서 등락...LG전자 15% 폭락 등 로봇주 약세,Economy
중동 무력공방 지속에…숨고르기 나선 코스피,Economy
"""일라이릴리에 1조9000억원 기술이전"" 한미약품 목표가↑-한국투자證",Economy
AI 붐에 올해 美 전환사채 발행 사상 최대 전망,Economy
"반도체 대신 야구공 잡는다…젠슨황, 7일 두산베어스 시구 나서",Economy
"셀트리온, 1000억 자사주 소각 완료…연내 2조 주주환원 속도",Economy
반도체 ‘투 톱’ 쉬자 장비株 질주…유진테크·원익IPS 상한가 ‘눈앞’[코주부],Economy
"최태원 회장, TSMC 회장과 대만서 회동…""반도체 협력 강화하기로""",Economy
"스페이스X, 공모가 135달러 제시…기업가치 1조7700억달러 '시총 7위권'",Economy
"대한전선, 英초고압 전력망 사업 수주…유럽 공략 박차",Economy
"RISE 현대차고정피지컬AI ETF, 13영업일 만에 순자산 5천억 돌파",Economy
尹 '2인 방통위' 이끈 이진숙·김태규 국회로…과방위行 주목,Economy
"셀트리온, 1000억원 규모 자사주 소각 최종 반영…주가는 주춤",Economy
삼겹살·소맥 회동하러 오는 ‘젠슨 황’…NC는 왜 만날까,Economy
"천일·동양고속, 吳 공약 '고터 재개발' 기대감에 10%대 급등",Economy
"[서울데이터랩]코스피, 장 초반 2% 넘게 밀려 8593.64…외국인 순매도에 대형주 약세",Economy
"'불장'에 전자등록 증권자산 1경원…예탁원 ""역사적 순간""",Economy
"‘K-ETF’의 진격, 해외서도 찾는다…테마형 ETF에 단일종목 커버드콜까지",Economy
'노량진 2구역 재개발' 드파인 아르티아' 출격…171가구 일반 분양,Economy
비용처리 잘못한 회계법인들…국세청 세무조사로 세금 추징,Economy
"이노스페이스, 메탄엔진 핵심 기술 개발 완료…420초 연소시험 성공",Economy
삼성重 4.3조 美 사상 첫 FLNG 수주…계약 상대 '델핀 미드스트림',Economy
기업들 사옥 매입에 덕은지구 '아이에스밸리' 오피스텔·업무시설 이목 집중,Economy
너희들 마저...줄줄이 인상 나선 '저가 커피' [지금이뉴스],Economy
중동 리스크·외인 19일째 매도에 코스피 하락…환율 1530원 돌파 [투자360],Economy
1억원 붕괴된 비트코인…인플레 우려에 쪼그라든 투심,Economy
젠슨 황 던지고 박정원 친다…잠실 마운드서 AI 동맹,Economy
지역화폐 뜨고 스마트공장 속도?…지방권력 교체에 중기부 사업 분기점[중기+],Economy
"삼성물산, 신고가 새로 썼다…51만9000원 터치[핫스탁]",Economy
'젠슨 황' 기대 떨어졌나…LG그룹주 일제히 급락,Economy
"서울시장 선거 희비…오세훈 테마주 급등, 정원오 테마주 급락[이런국장 저런주식]",Economy
선거 끝나니 가격표 바뀐다…커피·피자 줄줄이 인상,Economy
"코스피 하락 출발, 삼전·SK스퀘어 뺀 시총 상위주 약세",Economy
젠슨 황 방한 행보에 관심…동선 추적 사이트 5만 명 돌파,Economy
"과거 지방선거 보니… 코스피 향방, 정치 아닌 ‘기업 실적’이 갈랐다",Economy
“이러다 젠슨 황 사생팬 나오겠네”…동선 추적 사이트 5만명 돌파,Economy
"‘야구팬’ 젠슨 황, 이번 주말 두산전 시구 나선다…박정원 회장은 시타",Economy
"3조 벌어 68억 '0.2%' 안전투자…한화에어로, 예고된 인재",Economy
"""삼전닉스가 다 했다""…올해 韓기업 순익, 18년만에 日 추월 전망",Economy
엔비디아 젠슨 황 내일 방한‥최태원·구광모·이해진 등 회동,Economy
[코인뉴스] AI에 밀린 비트코인…한 달 새 16% 급락,Economy
"가온전선, 美 AI데이터센터 전력망 첫 진출…350억 규모 케이블 공급",Economy
"KT&G, 변동성 높은 상황서 '방어주 매력'…배당 강화 기대-KB證",Economy
환율 17년만에 1530원대 시작…코스피 2% 하락 출발,Economy
반도체 불장이 뒤집은 M&A 시장…SK실트론 딜이 멈춘 이유,Economy
"삼성중공업, 4.3조원 규모 FLNG 수주… 5%대 강세",Economy
"대원제약, '4중 작용' 차세대 비만치료제 개발 도전",Economy
"삼성重, 美 첫 FLNG '델핀 1호기' 4.3조 수주…LNG 생산 패러다임 바꾼다",Economy
"남광토건, 리뉴얼 ‘하우스토리’ 앞세워 인천 동아아파트 재건축 출사표",Economy
“코스피 1만 1000 간다” 역대급 상향 조정,Economy
"반도체 장비株, '삼전·닉스 숨고르기' 속 강세",Economy
"“다시 내달라” 요청 쇄도에… 버거킹, ‘롱치킨버거’ 재출시",Economy
젠슨 황 ‘반짝 효과’였나…방한 앞두고 LG전자·SKT 등 10%대 하락[이런국장 저런주식],Economy
오세훈 테마株 진양화학 '상한가'…정원오 관련주는 일제히 급락,Economy
"팀코리아, 美 루이지애나 FLNG 1호기 수주…4조 규모",Economy
"셀트리온, 1000억 자사주 소각 완료…올해 누적 소각 규모 2兆",Economy
한화 잠수함 수주 패키지에 현대차도 가세…'프로젝트 비버' 띄운다,Economy
"KODEX 200, 순자산 30조원 돌파…국내 최초·최대 ETF",Economy
"삼성전자, 글로벌 TV 시장서 21년 연속 1위",Economy
"코스피, 2% 넘게 하락…브로드컴 실망+중동 긴장 재고조 [종합]",Economy
"젠슨 황, 이르면 오늘 입국…피지컬AI 협력 위한 나흘간의 폭풍행보 예고",Economy
"""KX하이텍, 올해 영업이익 290%↑ 전망""[클릭e종목]",Economy
"원·달러 환율, 두 달여 만에 1530원 돌파…""중동 변수에 변동성 확대""",Economy
메가커피도 올린다… 커피 프랜차이즈 가격 도미노 인상,Economy
치매 전 단계 300만명 육박…치료 선택지 줄면 돌봄 부담 커진다,Economy
"대원제약, 美 ADA서 4중 작용 비만치료제 전임상 공개…“체중 50% 감량”",Economy
"삼성중공업, '바다 위 데이터센터' 진출…조선주 들썩 [핫종목]",Economy
'젠슨 황 효과' 급등했던 관련주 동반 약세,Economy
"SK온, 美에서 차세대 ESS '그리드온 Gen2' 첫 공개",Economy
"파두, 차세대 SSD 컨트롤러 공개…亞 공략 속도",Economy
테슬라·BYD 주춤…5월 수입 전기차 열기 한풀 꺾여,Economy
지방 아파트 13채 팔아야 서울 1채 산다… 29년 걸리는 ‘내 집’,Economy
"젠슨 황·두산회장, 7일 잠실야구장서 시구·시타…로봇 협업도 하나",Economy
유가·금리 상승 속 필라델피아 반도체 지수 상승세 유지 [굿모닝 글로벌 이슈],Economy
"그린리소스, 300억 CB·BW 조달…""반도체 수직계열화 속도""",Economy
젠슨 황 온다더니 '차익실현'…LG·네이버·두산株 일제히 급락,Economy
李대통령과 정책 보폭 맞춘 한성숙 장관…20년 만에 女총리 나오나(종합),Economy
한투운용 '스페이스X IPO' 참여…배정 주식 우주ETF·펀드에 즉시 편입,Economy
더본코리아도 “가격 인상”…외식업계도 도미노 인상? [푸드360],Economy
"코스피, 중동 긴장 재고조 속 하락…숨고르기 장세(종합)",Economy
"[월간 ETF] RISE 네트워크인프라, 삼성전기 타고 '고공행진'",Economy
[코인시세] 비트코인 6만5천 달러선 붕괴…11일 연속 순유출,Economy
강달러에 중동 불안까지…원·달러 환율 다시 1530원대,Economy
"""해외투자자들 사실상 매수 포기"" 엔환율 170엔 전망도",Economy
젠슨 황 방한 행보에 관심…동선 추적 사이트 5만명 돌파,Economy
"삼성 TV, 올 1분기 세계 1위…21년 연속 왕좌 지킬듯",Economy
"에이스톤·SGI, 역대 최대 펀드 '청신호'",Economy
"'탱크데이' 여파 끝났나...스타벅스, 카톡 선물하기 1위 탈환",Economy
"원/달러 환율, 1,530원대 개장…금융위기 후 처음",Economy
노량진뉴타운 초고층 랜드마크 '드파인아르티아' 이달 분양한다,Economy
"박현주 회장 ""미래 담는 킬러 프로덕트 만들 것"" 미래에셋랠리 개최",Economy
"한미반도체, 컴퓨텍스 첫 참가…HBM4·차세대 패키징 기술 공개",Economy
"이틀 만에 17% 급락에도...증권가는 ""목표가 210만원""",Economy
코스닥 반도체 장비株 업황 '맑음'…원익IPS 26%·테스 24%대 강세,Economy
"신세계, 장 초반 5%대 급등…""백화점 구매력 초강세""",Economy
"“코스닥 활성화 대책 주목”…코스닥 2%대 강세, 코스피는 2%대 하락",Economy
"""친구는 두 배 벌었는데, 나만 뭐 하는거지?""…강세장 최대 적은 '포모'",Economy
"1530원대 뚫린 환율…구윤철 ""과도한 쏠림에 단호한 조치""(종합)",Economy
외국인 던지자 코스피 8600선 후퇴…환율은 1530원대로 급등,Economy
"리가켐바이오 기술 적용 ADC 후보물질, 美 FDA 희귀의약품 지정",Economy
중동 긴장 고조에 환율 두달여만에 1530원 재돌파,Economy
"“젠슨 황 약발 끝났나”…코스피, 선거 뒤 1.76% 약세 출발",Economy
“젠슨 황이 던지고 박정원 친다”…7일 프로야구 키움-두산전서 투타 호흡,Economy
"국민은행, 4조원 규모 ‘美 첫 해상 FLNG’ PF 공동주선",Economy
‘팀코리아’ 미국서 4조 규모 FLNG 해양플랜트 따냈다,Economy
"""분명 브레이크 밟았는데""...5년 새 3배 늘어난 고령층 페달 오조작",Economy
중동협상·美관세 여파…환율 개장가 금융위기 이후 첫 1530원 돌파,Economy
“시장 조정은 매수 기회”…코스피 목표치 ‘1만 피’ 훌쩍 뛰어넘는 전망 잇따라,Economy
美·이란 충돌 재점화에 달러·원 1530원선으로 급등,Economy
"엠케이전자, LPDDR5X 확산에 본딩와이어 수요 증가 기대",Economy
"솔루스첨단소재 ""일본계 배터리업체향 전지박 공급 본격화""",Economy
"SK온 차세대 ESS '그리드온 2' 첫선…美시장 겨냥, 내년 현지 생산",Economy
원·달러 환율 장중 1530원 돌파…금융위기 후 처음,Economy
"HD건설기계, 폴란드 軍에 '270억원 규모' 불도저 공급 계약",Economy
"젠슨 황, 7일 두산·키움 잠실전 시구 나선다…박정원 회장은 시타",Economy
"한화에어로, K-방산 급해도 안전을 위해 중단",Economy
"삼성證 ""삼성전자 목표가 50만원·SK하이닉스 350만원 상향""",Economy
"대한전선, 英 초고압 전력망 사업 수주…유럽서 경쟁력 재입증",Economy
ELS·LTV 과징금에 고환율까지…금융지주 CET1 방어 비상,Economy
"삼성중공업, 4.3조원대 해양플랜트 수주 소식에 강세",Economy
"메디포스트 골관절염 치료제 카티스템, 美 3상 ‘단일 임상’ 진행 동의",Economy
"스페이스X, IPO 공모 750억달러…그린슈 포함시 850억달러",Economy
"이엔셀, 인게니움 NK세포치료제 美 임상용 추가 수주…글로벌 CDMO 확대",Economy
‘팀코리아’ 통했다…美 FLNG 4조원 프로젝트 수주,Economy
"환율, 장 초반 1530원 넘었다…3월31일 이후 처음",Economy
'팀코리아' 4조원 美 LNG 해양플랜트 수주,Economy
중동 긴장 재고조…3대 지수 동반 하락 [뉴욕증시],Economy
코스피 2% 급락 출발…외국인 1조원 넘게 '팔자',Economy
"젠슨 황, 진짜 야구장 뜬다…7일 잠실서 시구 확정",Economy
"최근 연일 오르더니…급등했던 코스피, 8600선으로 하락 출발",Economy
"""이 가격, 더는 못 버텨""...메가도, 더벤티도 가격 줄줄이 인상",Economy
"'흑자 유지 성공' 동부건설, 차입구조 개선도 '고삐'",Economy
시구 젠슨 황·시타 박정원... 7일 잠실야구장에 뜨는 ‘AI 로보틱스 동맹’,Economy
"중고나라·월급쟁이부자들, CTO 영입…전사 AX 속도전",Economy
"코스피, 삼전·SK하닉 동반 약세에 8620선 하락 출발",Economy
휴전 교착·환율 부담에 외인 19일 연속 '팔자'…코스피 2%대 약세,Economy
"코스피, 외인 매도세에 2%대 약세 출발…코스닥은 3%↑",Economy
“2년 더 살게요”…서울 빌라 전월셋값 뛰자 10집 중 3집 갱신권,Economy
"박현주 미래에셋 회장 ""킬러 프로덕트와 글로벌 투자 플랫폼으로 고객 미래 열어갈 것""",Economy
키보다 큰 AI 서버가 ‘우뚝’…삼전닉스 HBM 잘 나가는 이유가 여기에 [컴퓨텍스 2026],Economy
"SOL AI반도체TOP2플러스 ETF, 순자산 5조 돌파…개인매수 '최대'",Economy
"美 증시 약세에…코스피, 2%대 하락 8600선 아래로",Economy
"대한전선, 英 초고압 케이블 시스템 수주…650억원 규모",Economy
"장위뉴타운 ‘초품아 역세권’…대우건설, ‘장위 푸르지오 마크원’ 분양",Economy
"에코프로, 제조·R&D 전 과정에 AI 심는다…2028년 ‘AI 기업’ 전환",Economy
"""야구 좋아"" 젠슨황, '93번 유니폼' 입고 잠실 마운드 오른다…7일 두산베어스 시구 확정",Economy
삼성전자·SK하이닉스 동반 하락…브로드컴 급락 등 투자심리 영향,Economy
"한투證 ""하반기 코스피 목표치 1만1000 상향…반도체 이익 막대""",Economy
"셀트리온, 약 1000억 규모 자사주 소각 최종 반영",Economy
"환율, 금융위기 후 첫 1,530원대 개장…""과도한 쏠림에 필요시 즉시 조치""",Economy
"최태원, 엔비디아 이어 TSMC 회장 회동…AI 반도체 '삼각 동맹' 굳힌다",Economy
"한투證 ""LS일렉트릭, 수주·실적 동시 성장…목표가 28만 5000원""",Economy
“9조원 썼는데 환율은 1500원 돌파”…외환보유액 한달만에 다시 감소,Economy
젠슨 황 '93번' 입고 7일 두산베어스 시구... 박정원 회장은 '96번' 시타,Economy
“젠슨 황 던지고 박정원 친다”…7일 두산베어스 홈경기서 투타 호흡,Economy
"씨아이에스, 美 타임지 발표 '세계 성장 리더기업' 선정",Economy
"한미반도체, 대만 컴퓨텍스 첫 참가…AI 반도체 역량 소개",Economy
"삼성중공업, 美 첫 FLNG '델핀 1호기' 수주…4.3조 규모 초대형 프로젝트",Economy
SpaceX IPO 임박...나스닥100 조기 편입 가능성에 우주항공 ETF '들썩',Economy
"팀코리아, 美 루이지애나 FLNG 4조원 수주",Economy
"브로드컴, 사상 최대 실적에도 시장은 실망…주가 13% 이상 급락",Economy
한투운용 “스페이스X IPO 참여…우주ETF·펀드에 바로 배정 예정”,Economy
"나이스정보통신, 영업익 증가 모멘텀…투자의견 '매수유지'-LS",Economy
"원-달러 환율, 장중 1,530원 넘어…금융 위기 이후 처음",Economy
'9천피'까지 199포인트...오늘 개장 상황은?,Economy
"퍼플렉시티 CEO ""AI 승부처는 전력…'와트당 토큰 가치'가 승자 가른다""",Economy
"""이제 원전의 시간""...대형원전·SMR 사업 곧 결정 전망",Economy
중고 전기차값 다시 꿈틀…EV6·모델3·아토3시세 반등,Economy
박현주 회장 “미래 담는 킬러 프로덕트가 답”…‘미래에셋 랠리 2026’서 강조,Economy
"원-달러 환율 1536원까지 급등…한투 ""상단 가늠 어려워""",Economy
“또 고개숙인 최주희” 티빙 개인정보 유출로 CJ ENM 발목,Economy
"가온전선, 美 AI데이터센터 전력망 첫 진출…350억원 규모",Economy
냉면 한 그릇 값으로 세 끼…뜨거워진 '여름면 경쟁',Economy
가상 학습공간서 수만번 시뮬레이션… 완벽한 ‘피지컬 AI’ 구현[‘피지컬 AI 혁명’ 현장을 가다],Economy
"원·달러 환율, 개장 후 1530원 돌파… 3월 31일 이후 처음",Economy
"라온시큐어, KDB생명 시작으로 금융권 PQC 확산…""양자보안 시장 선점 속도""",Economy
페달 오조작으로 사망자 5년새 3.4배↑…사고 70%가 60대 이상 운전자,Economy
"하나證 ""디케이티, 휴머노이드 플랫폼 가시화...매출에 효자""",Economy
"가온전선, 美 AI 데이터센터에 송전용 케이블 첫 공급",Economy
"파두, ‘컴퓨텍스 2026’ 통해 아시아 시장 공략 박차",Economy
"""카지노주, 사상 최대 실적 행진에도 신저가 부근""-하나",Economy
"[스타워즈] KB증권 금메달팀, 2거래일 만에 선두 재탈환",Economy
한강 이남 첫 드파인 나온다...SK에코 '드파인 아르티아' 이달 공급,Economy
"'깐부회동 시즌2' 젠슨 황, 곧 방한…AI 협력 방안 논의할 듯",Economy
"구글, 유증 123조원→130조원 확대…강한 수요 반영",Economy
"'428조 ETF 제국' 만든 미래에셋…박현주 ""킬러 프로덕트로 승부""",Economy
KB운용 ‘RISE 현대차고정피지컬AI ETF’ 순자산 5000억 돌파,Economy
"삼성 TV, 1분기 점유율 31.3% ‘선두 수성’…21년 연속 세계 1위 보인다",Economy
美 증시 약세에 프리마켓 1%대 하락…삼전·닉스 동반 하락,Economy
"젠슨 황·박정원, 잠실구장 '깜짝 회동'…'두산·엔비디아 동맹' 굳히나",Economy
"최태원, 젠슨 황 이어 TSMC 회장 회동…AI 반도체 '삼각 동맹' 강화",Economy
차기 국무총리 후보 오른 한성숙 중기부 장관…李 정부 첫 女총리 나오나,Economy
"힘 못 쓰는 원전株...기록적인 폭염, 美 초대형 사업 수주로 하반기 반등 가능성 주목",Economy
CPU 공급 불안에...美 전력반도체·칩 장비기업 주목받아,Economy
"에피소드컴퍼니 ""'군체' 이어 '와일드 씽' 초반 흥행""",Economy
"메리츠證 ""삼성전기, 조정 우려에도 성장 변함없어…목표가↑""",Economy
"삼성重, 미국 첫 FLNG 프로젝트 1호 수주…4.3조원 규모",Economy
스페이스X 공모주 못 올라타면 ETF로...한투운용 '우주테크' 분배한다,Economy
"신한투자 ""증권주, 최근 상대적 소외…주가 재평가 가능성""",Economy
"디앤디파마텍, 美 공동창업자 3인 스톡옵션 행사…""책임경영 의지""",Economy
"KB證 “KT&G, 이란 영향 제한적…하반기 주주환원 모멘텀 기대”",Economy
"두산밥캣, 점진적 실적 회복 국면…매수 의견-하나증권",Economy
"[클릭 e종목]""롯데관광개발, 사상 최대 실적인데 주가는 극단적 저평가""",Economy
EU '철강 관세인상' 한 달 앞으로…정부 '韓 우대' 강력 요청,Economy
"파두, 컴퓨텍스서 차세대 Gen6 SSD 첫 공개…AI 스토리지 시장 공략 속도",Economy
"한투운용 ""스페이스X IPO 참여…우주ETF·펀드 상장 당일 배정""",Economy
"임정우 HD건설기계 유럽권역장 ""유럽서 군 조달로 능력 인정받았다""",Economy
"""LS일렉트릭, 수주·실적 동시 성장세… 목표가↑""-한국투자",Economy
"한투證 “산일전기, 美 데이터센터 변압기 기대감 유효…목표가 27만원""",Economy
"신한운용, SOL AI반도체TOP2플러스 순자산 5조 돌파",Economy
"젠슨 황, 나흘간 방한 일정 '빡빡'…유재석 만나고 프로야구 시구까지",Economy
"“비 내린다, 주식 들어가세요”…이 나라에선 미신 아닌 공식입니다 [오늘 나온 보고서]",Economy
"삼성전자, 글로벌 1Q TV 점유율 31.3%…21년 연속 1위 눈앞",Economy
"“누구는 성과급 잔치, 누구는 희망퇴직”…‘억대 퇴직금’ 받고 짐 싼 2500명, 무슨 일?",Economy
"위지트, 최대주주 대상 40억 규모 유상증자…""반도체 시설투자 목적""",Economy
"""삼성전기, 주가 급락에도 성장축 방향성 유효…목표가↑""-메리츠",Economy
재출시 쇄도에…버거킹 '롱치킨버거' 1년 만에 부활,Economy
"신한투자 ""1분기 에너지·IT '어닝 서프라이즈'…대형주에 집중""",Economy
"한투운용, 스페이스X IPO 참여…""우주 ETF·펀드 즉시 배정""",Economy
"씨아이에스, 미국 타임지 ‘2026 세계 성장 리더기업’ 선정",Economy
"OECD ""걸프 에너지 위기 장기화 땐 세계 성장률 1%대로 추락""",Economy
"""두산밥캣, 북미 업황 회복 수혜 기대…목표가 8.2만원""-하나",Economy
"최태원, TSMC 회장과 2년만에 회동… AI 반도체 동맹 강화 [컴퓨텍스 2026]",Economy
"SK온, ESS 신제품 '그리드온 Gen2' 공개…美 시장 공략 속도",Economy
비트코인 1억원 붕괴… 중동 긴장 격화·美 금리 인상 우려 영향,Economy
"부광약품 ‘라투다’, 우울장애 적응증 확대 3상 승인…시장 영토 넓힌다",Economy
"하나證 “한화시스템, 방산·우주·조선 플랫폼 기업으로 재평가… 목표가 12만8000원”",Economy
"삼성전자 주가 오르며 몸값 뛴 이 주식...""주가 11만원 더 오른다""",Economy
"SK證 ""삼성물산, 지분가치 상승·주주환원 확대…목표가↑""",Economy
반도체 슈퍼사이클에 베팅…한투證 “코스피 1만 1000도 가능” [줍줍리포트],Economy
"대한민국 대표 월급쟁이 부자 ‘루지’, 백억대 자산 모은 비결은?",Economy
"[컴퓨텍스2026] 파두, Gen6 SSD 컨트롤러로 글로벌 시장 공략",Economy
"“주가 빠졌지만 AI 성장축 이상 없다”…메리츠證, 삼성전기 목표가 210만원 상향",Economy
홍종호 국전 대표 “원료의약품서 AI반도체 패키징 등 첨단소재 사업 확장 승부수”,Economy
중동 긴장 재고조에 유가·금리 급등…뉴욕증시 3대 지수 동반 하락,Economy
“엔비디아♥네이버” “차기 1조 달러 기업”…젠슨 황 한마디에 뛰는 주가,Economy
"SK證 ""삼성물산, 지분가치 상승·주주환원 확대 기대…목표가↑""",Economy
"현대글로비스, 네덜란드서 車운반선 전용 터미널 구축…“유럽 공급망 허브”",Economy
"[큐캐피탈 밸류업]③ 에어스메디컬·한강화학·아이리스브라이트, 기대주 쑥쑥 큰다",Economy
"한투證 “LS일렉트릭, 수주 증가세 지속·판가 인상 효과 반영…목표가 30%↑”",Economy
"위지트, 최대주주 대상 40억 유증…""AI 반도체 호황 맞춰 생산능력 확대""",Economy
"[어제장 오늘장] 골드만삭스 ""코스피 1만 2천 간다""…긍정 전망 늘어나",Economy
"AI 깐부 TSMC도 만났다… 최태원 대만서 ""반도체 동맹"" 광폭 행보 [리더의 나침반]",Economy
"크라우드스트라이크, 기대 못 미친 실적 전망에 시간외 10%↓",Economy
"오스코텍, 추가 기술이전에 밸류 재평가…제노스코 편입도 기대 [Why 바이오]",Economy
"삼성전기, 단기 조정에도 우상향 변화 없다…목표가 210만-메리츠",Economy
"LS證 ""나이스정보통신, 인적자원 배분으로 고성장 본격화…목표가 유지""",Economy
"[기업이슈] 젠슨 황 ""韓 로보틱스 매우 중요""…로봇주 주가 상승",Economy
"삼성중공업, 美 델핀 FLNG 1호기 수주…4조3000억원 초대형 규모",Economy
"[아침밥] SK증권 ""삼성물산 목표가 59만, 지분가치 상승·배당확대 등 기대감""",Economy
"""시선AI, APC 로봇 자동화 사업 추진으로 실적 개선 기대""",Economy
"페니트리움바이오, 네이처 논문 ‘수치’로 입증한 항암 내성 돌파구...美 임상 ‘청신호’",Economy
"ETF 첫 ‘1조달러 시대’ 열었다…뱅가드 S&P500 ETF, 사상 최대 운용자산 기록 [코주부]",Economy
"美증시 조정·브로드컴 급락…삼전·SK하닉, 프리마켓서 약세",Economy
고유가에 지쳐…美 5월 하이브리드차 판매 33% 급증,Economy
"日 반도체 열풍 '키옥시아' 주주정책, 삼전·하이닉스 시사점은",Economy
공휴일 사이 1530원 뚫은 환율…외환당국 개입 경계[외환브리핑],Economy
"""실적 모멘텀에 수급 분산 효과까지…증권업 비중확대 유지""",Economy
"부영그룹, 병역명문가에 리조트·골프장 할인 혜택 제공",Economy
"[굿모닝 증시]美 증시, 휴전 교착 등 약세…韓도 변동성 예상",Economy
"스페이스X, 공모가 주당 135달러 책정…시총 세계 7위 '예약'",Economy
베일 벗은 리브스메드 비밀병기…다빈치·휴고 라스와 차별점은?,Economy
"[굿모닝 마켓] 뉴욕증시, 중동긴장 재고조에 약세 마감…다우 1.2%↓",Economy
"[단독] 현대차그룹·엔비디아 AI거점, 새만금에 짓나",Economy
"“삼성물산, 지분가치 상승·주주환원 확대” 목표가 48만→59만원",Economy
"美, 강제노동 이유로 한국에 12.5% 관세 예고 [ESG 뉴스 5]",Economy
리모델링 규제 확 풀었다…조합원도 신축세대 입주·단지 통합도 허용,Economy
서학개미도 “돈 벌려면 국장”…SOXL 팔고 삼전닉스 2배로 ‘귀화’,Economy
‘정형외과 사랑방’ 도수치료에 2.7조…실손보험료가 녹아내린다,Economy
"SK증권 ""삼성물산 목표가 59만…지분가치 상승·환원 확대 기대""",Economy
미·이란 무력충돌에 뉴욕증시 일제히 하락…국제유가↑[뉴스새벽배송],Economy
"트럼프 ‘무대포 낙하산’…부동산업자 출신 나팔수, 국가정보국장 임명",Economy
“우주 어느 천년에 갈래? 바다부터 와”…데이터센터 손뻗는 삼성重,Economy
"앞에선 휴전, 뒤에선 기습…이란 드론공격에 쿠웨이트 공항 운영중단",Economy
"""삼상물산, 지분가치 상승·주주환원 확대 긍정적…목표가↑""-SK",Economy
한미약품·오스코텍 잇단 조 단위 계약…의장 나선 HLB도 강세 [바이오맥짚기],Economy
"젠슨 황, 오늘 방한…총수들과 삼겹살 회동에 예능 출연·잠실 시구까지 나흘간 광폭 행보",Economy
"한국카본, 방산 양산·LNG선 보냉재 수주 확대 기대…목표가↑-다올",Economy
"24만 원어치 화장품을 3만 원대에...""훨씬 싸다"" 외국인도 싹쓸이",Economy
"이재현 CJ 회장, 미국 사업장에 첫 등장…왜 하필 지금? [참견하는 기자]",Economy
대중국 무역수지 4년 만에 흑자전환 유력…반도체 가격 폭등 영향,Economy
"""3분기까지 상승세 이어져 코스피 1만1000까지 오를 것""-한국",Economy
"""네이버는 구조대 왔는데 우리는"" 엇갈린 운명에 고통 받는 카카오 주주들",Economy
"삼성전기, 이틀새 17% 급락에도 성장축 변화 없다…목표주가 210만원 상향-메리츠",Economy
[애프터마켓 리뷰] 증시 연이틀 뒤흔든 '젠슨 황' 테마…로봇주 치솟아,Economy
"[오늘의 증시]지선 후 정책 기대감에 젠슨황 효과까지…코스피, 9000선 터치할까",Economy
"SK證 “삼성물산, 자회사 지분가치 상승·주주환원 기대감…목표가 59만원”",Economy
[마켓뷰] '9천피' 돌파 시도? 숨고르기?…코스피 향배 주목,Economy
"에치에프알, AT&T 투자 확대 수혜 기대-하나",Economy
"""성과급 받아 명품관으로""…삼전닉스 효과에 백화점주 '들썩' [종목+]",Economy
"디케이티, 신사업 가동 본격화…연간 실적 전망 상향-하나",Economy
"""올해 코스피 1만1000"" 파격 전망…삼전·닉스 또 잭팟?",Economy
"한투 ""하반기 코스피 1만1000 찍는다…목표치 상향""",Economy
브로드컴 실적 발표 후 주가 급락…AI 기업 잣대가 높은 이유는 [마켓무버의 국장 힌트],Economy
[르포] 삼성家 반한 한식당 품었다… 美 사로잡은 'L7 시카고' 가보니,Economy
[마켓 프리뷰] 외인 코스피 매도 폭탄에도 강보합…젠슨 황 오늘 방한,Economy
한투증권 “6월 코스피 9500선까지 간다…반도체·IT 비중 확대”[줍줍리포트],Economy
지선 판정승 거둔 민주·재보선 선방한 국힘…엇갈린 민심(종합),Economy
美 뱅가드 운용자산 1500兆 돌파 ETF…“시장 성숙 이정표”,Economy
무료배달에 심야 배달까지…배달앱 2강 치킨게임 본격화되나,Economy
"[투자노트] ‘삼겹살 회동 D-1’… 젠슨 황 랠리, 진짜 수혜주 찾아라",Economy
"美 뱅가드 S&P500 ETF, 운용자산 1조달러 돌파 [투자360]",Economy
"미국증시, 중동 긴장·유가 급등에 3대 지수 일제히 하락…나스닥 0.89%↓ [투자360]",Economy
"뉴욕증시, 3대 지수 일제히 하락…중동 긴장 고조 등 여파",Economy
"[헤럴드광장] 4000만의 실손, ‘세대관리’ 역설 어떻게 풀 것인가",Economy
대형 기술수출·투자유치 겹쳤다…K-바이오 반등 '신호탄',Economy
부동산→주식→결국 부동산?…풍선효과 넘어 부메랑 된 대출규제,Economy
대형주 ‘웃고’ 중소형주 ‘울고’…심화되는 K자 증시,Economy
'단일화 무산' 평택을·북갑 모두 승리…국힘 상대적으로 선전,Economy
퇴직연금 ETF 연내 100조 전망…가입자 직접 운용 시대 열려,Economy
"현대차, 올해 신차 20개 프로젝트 추진…하반기 반등 노려",Economy
"5월 반대매매 7077억 원…올해 최대, 전월比 28.5% 급증",Economy
"엔비디아, 한국 스타트업 잇따라 초청…생태계 파트너 확대",Economy
MS “앤스로픽과 격차 6개월 만에 좁혔다”…자체 추론 모델 출격,Economy
“은행 문 잠그니 회사 금고로”…사각지대 ‘사내대출’에 커지는 금융 양극화,Economy
"젠슨 황, 韓 AI 스타트업 찍었다",Economy
삼성전자 레버리지 ETF 경고등…괴리율 2% 넘겼다,Economy
"버티는 대형사, 무너지는 중소사…건설업계 양극화 ‘가속’",Economy
"“간암 신약 리보세라닙, 생존기간·안정성으로 차별화…FDA 우려 해소”",Economy
“거품 아니다?”…‘삼전닉스’ 제외해도 코스피 이익 전망 10% 올랐다,Economy
"젠슨 황, 구광모 LG 회장 왜 만나나…피지컬 AI의 퍼즐이 맞춰진다[Biz-플러스]",Economy
‘빚투 포모’ 개미 ETF에도 몰려…반도체 상품 신용잔고 급증[마켓시그널],Economy
비트코인 1억원 붕괴…금리 인상 우려·스트래티지 충격[코인 모닝콜],Economy
젠슨 황 엔비디아 CEO 오늘 입국…'광폭 행보' 관심 집중,Economy
"""반도체 더 만들어달라""는 젠슨 황...SK실트론 매각 멈춘 SK그룹",Economy
"'1년 표류' 軍 다목적 무인車, 이달 선정…현대 vs 한화 막판 경쟁",Economy
"한투 ""6월 코스피 예상밴드 8500~9000""",Economy
업비트·빗썸 상장 종목 닮아간다…5월 키워드는 AI·DePIN,Economy
"불 탄 현대모비스 공장, 인도 유일 전장·섀시 생산지…현대차그룹 생산 '비상'",Economy
"""피자헛 다음은 백종원?""…차액가맹금 소송 파장 어디까지",Economy
"靑 참모들 엇갈린 성적표…하정우 낙선, 김남준·김남국 국회 입성",Economy
[크립토마켓] 중동 정세 긴장감에 비트코인 6만5500달러까지 하락,Economy
"젠슨 황, 4일 방한 전망…AI·로봇 협력 논의 본격화",Economy
"""목돈 부담 뚝""…불황 속 대세 굳힌 삼성·LG '가전 구독'",Economy
거래금 100兆시대지만…증권株 무작정 살 수 없는 이유,Economy
연말 금리인상 확률 41%로 급등…S&P500 9거래일 랠리 마감[월스트리트in],Economy
불장에 목표주가 넘은 종목 16개…LG전자 상회율 1위[이런국장 저런주식],Economy
'인기 폭발' 액티브 ETF…계열사 주문 몰아주기에 비용 '줄줄' [한경우의 케이스스터디],Economy
배달도 최저임금 받나… 플랫폼 노동자 첫 심의대 오른다,Economy
'맘스터치 1조' 매각설…케이엘앤파트너스 표정 관리,Economy
'변압기·스태콤' AI發 전력 슈퍼사이클…전력 3사 수주잔고 35조 목전,Economy
서버용 기판에 생산 몰린다…LG이노텍 RF-SiP '반사이익' 주목,Economy
"젠슨 황, 나흘간 한국서 광폭 행보…총수·스타트업 만난다",Economy
"당장 아니지만 차근차근 IPO 준비…컬리 김슬아, 부족했던 우군 지분 쌓나",Economy
[Why] 샴푸로 탈모 잡는 시대 오나…로레알이 올릭스 ‘RNA 기술’에 꽂힌 이유는,Economy
반도체·자율주행 등 AI 생태계 전반 협력 확장… 들썩이는 재계,Economy
슈퍼호황 조선업계도 ‘N% 성과급’ 불똥,Economy
세계 최대 암 학회 흔든 ‘차이나 쇼크’…K바이오는 ‘치료 사각지대’ 공략,Economy
코스피 9000 향하는데 IPO는 ‘반토막’… 대어들도 상장 철회 잇따라,Economy
한 병만 마셔도 일일 권장량 초과… 음료업계 단백질 함유량 높이기 경쟁에 소비자 건강 우려도,Economy
서울 아파트 거래 반토막… ‘세 낀 집’ 거래 허용에도 매물은 줄었다,Economy
"[단독] “인수 첫날 매대 꽉 차 있어야지”… 하림, 홈플익스 납품대금 지급보증 추진",Economy
"국제 유가 2% 급등…""美·이스라엘, 필요하면 이란 재공격""",Economy
"전쟁 따른 ‘반짝 실적 개선’ 끝난다… 석유화학 업계, 하반기 역래깅 공포에 적자 경보",Economy
"""젠슨 황 근처 앉을 자리 있나요""…성수동 삼겹살집 예약 폭주",Economy
"""젠슨 황 온다"" 41% 뛰었는데…여의도 증권가 '서늘한 경고' [종목+]",Economy
노도강도 월세 300만원… 서울 외곽 신축까지 번졌다,Economy
"[단독] PE는 ‘중복상장 금지’에 이탈... 클로봇, 두산로지스틱스 홀로 인수 추진",Economy
"""반도체 호황 속 가파른 성장 전망""…증권가 주목한 OOO은?[클릭 e종목]",Economy
韓 상륙하는 젠슨 황…반도체 넘어 로봇·AI 동맹 확대,Economy
"배달라이더도 최저임금 적용되나…최임위, 도급제 적용 논의 본격화",Economy
'삼전닉스' 쏠림 더 심해졌다…개미 돈 68%·빚투 증가액 70% 몰려,Economy
"이차전지株, 하반기 쏟아질 수주…주가 반등 기대",Economy
"엔비디아에 네이버 날고, 카카오는 파업에 하락…IT 투톱 주가 '온도차'",Economy
"[단독]최성안호 삼성重, 바다 위 테슬라 '빈센'에 베팅",Economy
"마통 영끌로 ""삼전닉스 사자""…한도소진율 42%대로 '쑥'[新머니무브]①",Economy
“AI데이터센터 우리 없으면 못짓습니다”…전기차 갈아타는 이 업종,Economy
"9천피 코앞서 멈칫했지만…전문가들 ""1만피 달성 가능성 높다""",Economy
미 증시 내려도 반도체는 올랐다…삼전·SK하닉 향배는?,Economy
노후 적정 생활비 350만원? 노후 위해 착실히 돈 모았던 은퇴자의 결말,Economy
‘강제노동’ 빌미로 12.5% 관세 부과…‘슈퍼 301조’ 체제 본격화[Pick코노미],Economy
“삼전닉스 지금 들어가기엔 늦었죠”…전력·네트워크·로봇 돈 몰린다,Economy
"[뉴욕증시] '사상 최고' 엿새 만에 막 내려…팔란티어, 6.6% 급락",Economy
"""삼전·닉스, 매수 기회""…골드만삭스, 코스피 1만2000 전망",Economy
"美 원유재고, 호르무즈 봉쇄 장기화에 22년만에 최저수준",Economy
“코스닥 죽쑨다? 하반기에 봅시다”…ETF들의 ‘근거있는 자신감’,Economy
다우 1% 하락…美·이란 충돌 재점화에 유가·금리 급등[뉴욕마감],Economy
[속보] S&P500 9거래일 랠리 마감…유가 96달러·30년물 금리 5% 육박,Economy
랠리 끝낸 美증시 엔비디아·델↓…유가·국채금리 '부담',Economy
"NH아문디자산운용, AI 반도체 넘어 '전력·원전 인프라'로 간다",Economy
'방산·고배당' 한화자산운용… 다음은 '액티브'와 '글로벌',Economy
'월 배당·밸류체인' 시장 빈틈에 강한 신한자산운용,Economy
KB자산운용을 선택하는 이유 '투자자 맞춤형 상품 선제 공급',Economy
수익률이 증명…'반도체 투자 원조' ACE ETF로 완성한 포트폴리오,Economy
인류 첫 ‘1조 달러 부자’ 머스크… 기술 독점이 부른 ‘부의 초집중’,Economy
'반도체 ETF 명가' 미래에셋자산운용…TOP10 시리즈 흥행 확산,Economy
“쏠림 단호 대처” 한은 경고에도…1500원대에서 꿈쩍않는 환율,Economy
상부 개발 수익 있어야 '철도 지하화' 가능…서소문 고가도로 못 없앤다,Economy
비트코인 7만弗선도 붕괴…글로벌 시총 14위로 추락 [코인 브리핑],Economy
"4만원 모텔, 21만원 호텔로…'숙박 밸류애드' 시장 커진다",Economy
"삼성자산운용, '역사도 1위·규모도 1위'…다양한 포트폴리오에 강점",Economy
"""양보다 질""…순자산 500조 이후 ETF 투자 지도 바뀐다",Economy
"""이번엔 로봇이다"" 젠슨 황, 오늘 한국 도착…피지컬 AI 생태계 확장 속도",Economy
"자본시장 초석 된 ETF, 올해 안에 600조원 시대 열린다",Economy
칼국수마저 배신했다…사장도 단골도 울린 ‘만원의 비극’,Economy
12억으로 ‘마용성급’ 산다?…로또 7억 맞는 알짜 재개발 5곳,Economy
"""미래전쟁 뼈대 구축할 것""…'드론판 킬체인' 만드는 K-스타트업",Economy
비트코인 강성 홀더도 던졌다…약세장 끝 신호일까,Economy
옆집 성과급에 배아파…현대차그룹 10만 연대 '하투' 터지나,Economy
"""세금 혜택 없어?"" 강남집 던졌다…임대사업·비거주 1주택자 셈법 복잡",Economy
"'시장 안전판' 미 석유 재고, 22년 만에 최저…""유가, 올여름 200달러""",Economy
"네타냐후, '욕설' 트럼프 불화설 일축…""주요 사안 의견 같아""",Economy
"Fed 인플레 경고 이어지자…""일시적""이라는 백악관",Economy
AI發 훈풍 타고… 뭉칫돈 몰린 '반·전 ETF',Economy
"네타냐후 ""필요시 이란 다시 타격"" 언급…WTI 96달러 위로",Economy
바다 위 데이터센터… K조선 '새 돛' 편다,Economy
"개별종목 영향력 커진 ETF, 수급 쥐락펴락",Economy
"목표치 또 올린 골드만 ""코스피 1만2000 간다""",Economy
"OK저축은행, 업권 첫 손보사 인수 도전",Economy
이례적 힘 못쓴 정치테마株… 달아오른 '젠슨황 깐부株',Economy
엔비디아 새 깐부?… 'CCL 안정화' 두산 찍었나,Economy
"""최후의 카드"" 보유세도 오르나…지선 끝, 별렀던 '세제 대수술' 온다",Economy
"압구정 휩쓴 현대건설, '최대실적' 또 쓰나",Economy
“젠슨 황 물들어오는데 파업”…레미콘 멈추면 삼전닉스 공장도 차질,Economy
"일본도 “반도체 가즈아”…시총 169위였던 키옥시아, 1년만에 2위로",Economy
지방선거 이후 증시 향방은…과세 개편도 관심,Economy
"이란, 쿠웨이트 공항 타격으로 1명 사망",Economy
"한화에어로, 영업익 3조원 넘게 벌고… 안전엔 0.2% 투자",Economy
"""AI 칩플레이션, 데이터센터 넘어 실물경제로 확산"" 모건스탠리 경고",Economy
"한·미·대만 AI 레버리지 ETF, 두 달 새 2배 넘게 폭증...과열 경고",Economy
선거 끝나고 부동산 세제 수술대 오르나… 장특공제·보유세·임대혜택 정조준 가능성,Economy
젠슨 황-현대차 ‘로봇 깐부’… 로보틱스 이끄는 옛 동료 만나나,Economy
‘클래식 레저’라더니…개미 골퍼 울린 16조 ‘접대 골프’의 진짜 얼굴 [권준영의 머니볼],Economy
"""스페이스X, 공모가 135달러 고정""…사상 최대 IPO 추진",Economy
서울 아파트값 상승하자 같이 뛰는 빌라 전·월세,Economy
"대형 로봇주, 올 들어 평균 155% 폭등",Economy
글로벌 증시 랠리에 길어지는 비트코인의 ‘겨울’,Economy
"인간의 뇌 본뜬 ‘꿈의 칩’ 뉴로모픽 반도체, 뇌과학 발전으로 성큼",Economy
AI-우주-방산으로 ‘간판’ 바꿔 달자 주가 폭등,Economy
“스치기만 해도 상한가” 오늘 한국 오는 젠슨황 효과에 들썩,Economy
"코스피 1만 시대 오나…""진짜 변수는 지방선거 아닌 '이것'""",Economy
"""한국 증시 아직 싸다""…골드만삭스, 코스피 1만2000 베팅",Economy
천무 계약 줄 섰는데… 한화에어로 ‘빠른 납기’ 시험대,Economy
“아리팍·원베일리 성공 전에 사실은”…‘재건축의 신’ 만든 두 번의 실패,Economy
"김영익 교수 “삼성전자 주가, 장기 상승 속 단기 조정 가능성”",Economy
